year,location,rainfall,temperature,soil type,humidity,crops,season,pest,outbreak
2004,Mangalore,2903.1,27.0,Alluvial,57.0,Coconut,Kharif,Red Palm Weevil,Medium
2004,Mangalore,2903.1,27.0,Alluvial,57.5,Coconut,Kharif,Red Palm Weevil,Medium
2004,Mangalore,2903.1,27.0,Alluvial,57.0,Coconut,Kharif,Red Palm Weevil,Medium
2004,Mangalore,2996.6,27.0,Alluvial,55.0,Coconut,Kharif,Red Palm Weevil,Medium
2004,Mangalore,2996.6,27.0,Alluvial,56.0,Coconut,Kharif,Red Palm Weevil,Medium
2004,Mangalore,2996.6,27.0,Alluvial,54.0,Coconut,Kharif,Red Palm Weevil,Medium
2004,Mangalore,3522.8,27.2,Alluvial,58.0,Coconut,Kharif,Red Palm Weevil,High
2004,Mangalore,3522.8,27.2,Alluvial,58.0,Coconut,Kharif,Red Palm Weevil,High
2004,Mangalore,3522.8,27.2,Alluvial,59.0,Coconut,Kharif,Red Palm Weevil,High
2004,Mangalore,3729.8,27.0,Alluvial,50.0,Coconut,Kharif,Red Palm Weevil,High
2004,Mangalore,3729.8,27.0,Alluvial,54.0,Coconut,Kharif,Red Palm Weevil,High
2004,Mangalore,3729.8,27.0,Alluvial,53.0,Coconut,Kharif,Red Palm Weevil,High
2004,Mangalore,2746.2,27.0,Alluvial,52.0,Coconut,Kharif,Red Palm Weevil,Medium
2004,Mangalore,2746.2,27.0,Alluvial,51.0,Coconut,Kharif,Red Palm Weevil,Medium
2004,Kodagu,2746.2,27.0,Alluvial,57.0,Coconut,Kharif,Red Palm Weevil,Medium
2004,Kodagu,3360.0,27.2,Alluvial,57.0,Coconut,Kharif,Red Palm Weevil,High
2004,Kodagu,3360.0,27.2,Alluvial,60.0,Coconut,Kharif,Red Palm Weevil,High
2004,Kodagu,3360.0,27.2,Alluvial,57.0,Coconut,Kharif,Red Palm Weevil,High
2004,Kodagu,3605.4,27.1,Alluvial,57.0,Coconut,Kharif,Red Palm Weevil,High
2004,Kodagu,3605.4,27.1,Alluvial,54.0,Coconut,Kharif,Red Palm Weevil,High
2004,Kodagu,3605.4,27.1,Alluvial,54.5,Coconut,Kharif,Red Palm Weevil,High
2004,Kodagu,3512.4,26.8,Alluvial,56.6,Coconut,Kharif,Red Palm Weevil,High
2004,Kodagu,3512.4,26.8,Alluvial,55.5,Coconut,Kharif,Red Palm Weevil,High
2004,Kodagu,3512.4,26.8,Alluvial,58.5,Coconut,Kharif,Red Palm Weevil,High
2004,Kodagu,3296.0,37.0,Alluvial,59.5,Coconut,Kharif,Red Palm Weevil,High
2004,Kodagu,3296.0,37.0,Alluvial,55.0,Coconut,Kharif,Red Palm Weevil,High
2004,Kodagu,3296.0,37.0,Alluvial,53.0,Coconut,Kharif,Red Palm Weevil,High
2004,Kasaragodu,3550.0,38.0,Alluvial,53.5,Coconut,Kharif,Red Palm Weevil,High
2004,Kasaragodu,3550.0,38.0,Alluvial,52.5,Coconut,Kharif,Red Palm Weevil,High
2004,Kasaragodu,3550.0,38.0,Alluvial,56.0,Coconut,Kharif,Red Palm Weevil,High
2004,Kasaragodu,3654.0,39.0,Alluvial,57.0,Coconut,Kharif,Red Palm Weevil,High
2004,Kasaragodu,3654.0,39.0,Alluvial,57.5,Coconut,Kharif,Red Palm Weevil,High
2004,Kasaragodu,3654.0,39.0,Alluvial,57.0,Coconut,Kharif,Red Palm Weevil,High
2004,Kasaragodu,233.0,40.0,Alluvial,55.0,Coconut,Kharif,Red Palm Weevil,Low
2004,Kasaragodu,233.0,40.0,Alluvial,56.0,Coconut,Kharif,Red Palm Weevil,Low
2004,Kasaragodu,233.0,40.0,Alluvial,54.0,Coconut,Kharif,Red Palm Weevil,Low
2004,Kasaragodu,234.0,41.0,Alluvial,58.0,Coconut,Kharif,Red Palm Weevil,Low
2004,Kasaragodu,234.0,41.0,Alluvial,58.0,Coconut,Kharif,Red Palm Weevil,Low
2004,Kasaragodu,234.0,41.0,Alluvial,59.0,Coconut,Kharif,Red Palm Weevil,Low
2004,Kasaragodu,3105.0,42.0,Red,50.0,Coconut,Kharif,Red Palm Weevil,High
2004,Kasaragodu,3105.0,42.0,Red,54.0,Coconut,Kharif,Red Palm Weevil,High
2004,Kasaragodu,3105.0,42.0,Red,53.0,Coconut,Kharif,Red Palm Weevil,High
2004,Raichur,236.0,43.0,Red,52.0,Coconut,Kharif,Red Palm Weevil,Low
2004,Raichur,236.0,43.0,Red,51.0,Coconut,Kharif,Red Palm Weevil,Low
2004,Raichur,2903.1,27.0,Red,57.0,Coconut,Kharif,Red Palm Weevil,Medium
2004,Raichur,2903.1,27.0,Red,57.0,Coconut,Kharif,Red Palm Weevil,Medium
2004,Raichur,2903.1,27.0,Red,60.0,Coconut,Rabi,Red Palm Weevil,Medium
2004,Raichur,2996.6,27.0,Red,57.0,Coconut,Rabi,Red Palm Weevil,Medium
2004,Raichur,2996.6,27.0,Red,57.0,Coconut,Rabi,Red Palm Weevil,Medium
2004,Raichur,2996.6,27.0,Red,54.0,Coconut,Rabi,Red Palm Weevil,Medium
2004,Raichur,3522.8,27.2,Red,54.5,Coconut,Rabi,Red Palm Weevil,High
2004,Raichur,3522.8,27.2,Red,56.6,Coconut,Rabi,Red Palm Weevil,High
2004,Raichur,3522.8,27.2,Red,55.5,Coconut,Rabi,Red Palm Weevil,High
2004,Raichur,3729.8,27.0,Red,58.5,Coconut,Rabi,Red Palm Weevil,High
2004,Raichur,3729.8,27.0,Red,59.5,Coconut,Rabi,Red Palm Weevil,High
2004,Raichur,3729.8,27.0,Red,55.0,Coconut,Rabi,Red Palm Weevil,High
2004,Raichur,2746.2,27.0,Red,53.0,Coconut,Rabi,Red Palm Weevil,Medium
2004,Raichur,2746.2,27.0,Red,53.5,Coconut,Rabi,Red Palm Weevil,Medium
2004,Raichur,2746.2,27.0,Red,52.5,Coconut,Rabi,Red Palm Weevil,Medium
2004,Raichur,3360.0,27.2,Red,56.0,Coconut,Rabi,Red Palm Weevil,High
2004,Raichur,3360.0,27.2,Red,57.0,Coconut,Rabi,Red Palm Weevil,High
2004,Raichur,3360.0,27.2,Red,57.5,Coconut,Rabi,Red Palm Weevil,High
2004,Gulbarga,3605.4,27.1,Red,57.0,Coconut,Rabi,Red Palm Weevil,High
2004,Gulbarga,3605.4,27.1,Red,55.0,Coconut,Rabi,Red Palm Weevil,High
2004,Gulbarga,3605.4,27.1,Red,56.0,Coconut,Rabi,Red Palm Weevil,High
2004,Gulbarga,3512.4,26.8,Red,54.0,Coconut,Rabi,Red Palm Weevil,High
2004,Gulbarga,3512.4,26.8,Red,58.0,Coconut,Rabi,Red Palm Weevil,High
2004,Gulbarga,3512.4,26.8,Red,58.0,Coconut,Rabi,Red Palm Weevil,High
2004,Gulbarga,3296.0,37.0,Red,59.0,Coconut,Rabi,Red Palm Weevil,High
2004,Gulbarga,3296.0,37.0,Black,50.0,Coconut,Rabi,Red Palm Weevil,High
2004,Gulbarga,3296.0,37.0,Black,54.0,Coconut,Rabi,Red Palm Weevil,High
2004,Gulbarga,3550.0,38.0,Black,53.0,Coconut,Rabi,Red Palm Weevil,High
2004,Gulbarga,3550.0,38.0,Black,52.0,Coconut,Rabi,Red Palm Weevil,High
2004,Gulbarga,3550.0,38.0,Black,51.0,Coconut,Rabi,Red Palm Weevil,High
2004,Gulbarga,3654.0,39.0,Black,57.0,Coconut,Rabi,Red Palm Weevil,High
2004,Gulbarga,3654.0,39.0,Black,57.0,Coconut,Rabi,Red Palm Weevil,High
2004,Gulbarga,3654.0,39.0,Black,60.0,Coconut,Rabi,Red Palm Weevil,High
2004,Gulbarga,233.0,40.0,Black,57.0,Coconut,Zaid,Red Palm Weevil,Low
2004,Gulbarga,233.0,40.0,Black,57.0,Coconut,Zaid,Red Palm Weevil,Low
2004,Gulbarga,233.0,40.0,Black,54.0,Coconut,Zaid,Red Palm Weevil,Low
2004,Gulbarga,234.0,41.0,Black,54.5,Coconut,Zaid,Red Palm Weevil,Low
2004,Gulbarga,234.0,41.0,Black,56.6,Coconut,Zaid,Red Palm Weevil,Low
2004,Gulbarga,234.0,41.0,Black,55.5,Coconut,Zaid,Red Palm Weevil,Low
2004,Gulbarga,3105.0,42.0,Black,58.5,Coconut,Zaid,Red Palm Weevil,High
2004,Gulbarga,3105.0,42.0,Black,59.5,Coconut,Zaid,Red Palm Weevil,High
2004,Gulbarga,3105.0,42.0,Black,55.0,Coconut,Zaid,Red Palm Weevil,High
2004,Gulbarga,236.0,43.0,Black,53.0,Coconut,Zaid,Red Palm Weevil,Low
2004,Gulbarga,2903.1,27.0,Black,53.5,Coconut,Zaid,Red Palm Weevil,Medium
2004,Gulbarga,2903.1,27.0,Black,52.5,Coconut,Zaid,Red Palm Weevil,Medium
2004,Gulbarga,2903.1,27.0,Black,56.0,Coconut,Zaid,Red Palm Weevil,Medium
2004,Gulbarga,2996.6,27.0,Black,57.0,Coconut,Zaid,Red Palm Weevil,Medium
2004,Gulbarga,2996.6,27.0,Black,57.5,Coconut,Zaid,Red Palm Weevil,Medium
2004,Gulbarga,2996.6,27.0,Black,57.0,Coconut,Zaid,Red Palm Weevil,Medium
2004,Gulbarga,3522.8,27.2,Black,55.0,Coconut,Zaid,Red Palm Weevil,High
2004,Gulbarga,3522.8,27.2,Black,56.0,Coconut,Zaid,Red Palm Weevil,High
2004,Gulbarga,3522.8,27.2,Black,54.0,Coconut,Zaid,Red Palm Weevil,High
2004,Gulbarga,3729.8,27.0,Black,58.0,Coconut,Zaid,Red Palm Weevil,High
2004,Gulbarga,3729.8,27.0,Black,58.0,Coconut,Zaid,Red Palm Weevil,High
2004,Gulbarga,3729.8,27.0,Black,59.0,Coconut,Zaid,Red Palm Weevil,High
2004,Gulbarga,2746.2,27.0,Black,50.0,Coconut,Zaid,Red Palm Weevil,Medium
2004,Gulbarga,2746.2,27.0,Loam,54.0,Coconut,Zaid,Red Palm Weevil,Medium
2004,Gulbarga,2746.2,27.0,Loam,53.0,Coconut,Zaid,Red Palm Weevil,Medium
2004,Gulbarga,3360.0,27.2,Loam,52.0,Coconut,Zaid,Red Palm Weevil,High
2004,Gulbarga,3360.0,27.2,Loam,51.0,Coconut,Zaid,Red Palm Weevil,High
2004,Gulbarga,3360.0,27.2,Loam,57.0,Coconut,Zaid,Red Palm Weevil,High
2004,Gulbarga,3605.4,27.1,Loam,57.0,Coconut,Zaid,Red Palm Weevil,High
2004,Gulbarga,3605.4,27.1,Loam,60.0,Coconut,Zaid,Red Palm Weevil,High
2004,Gulbarga,3605.4,27.1,Loam,57.0,Coconut,Zaid,Red Palm Weevil,High
2004,Gulbarga,3512.4,26.8,Loam,57.0,Coconut,Zaid,Red Palm Weevil,High
2004,Gulbarga,3512.4,26.8,Loam,54.0,Coconut,Zaid,Red Palm Weevil,High
2004,Gulbarga,3512.4,26.8,Loam,54.5,Coconut,Zaid,Red Palm Weevil,High
2004,Gulbarga,3296.0,37.0,Loam,56.6,Coconut,Zaid,Red Palm Weevil,High
2004,Gulbarga,3296.0,37.0,Loam,55.5,Coconut,Zaid,Red Palm Weevil,High
2004,Gulbarga,3296.0,37.0,Loam,58.5,Coconut,Zaid,Red Palm Weevil,High
2004,Gulbarga,3550.0,38.0,Loam,59.5,Coconut,Zaid,Red Palm Weevil,High
2004,Gulbarga,3550.0,38.0,Loam,55.0,Coconut,Zaid,Red Palm Weevil,High
2004,Gulbarga,3550.0,38.0,Loam,53.0,Coconut,Zaid,Red Palm Weevil,High
2004,Gulbarga,3654.0,39.0,Loam,53.5,Coconut,Zaid,Red Palm Weevil,High
2004,Gulbarga,3654.0,39.0,Loam,52.5,Coconut,Zaid,Red Palm Weevil,High
2004,Gulbarga,3654.0,39.0,Loam,56.0,Coconut,Zaid,Red Palm Weevil,High
2004,Gulbarga,233.0,40.0,Loam,57.0,Coconut,Zaid,Red Palm Weevil,Low
2004,Gulbarga,233.0,40.0,Loam,57.5,Coconut,Zaid,Red Palm Weevil,Low
2004,Gulbarga,233.0,40.0,Loam,57.0,Coconut,Zaid,Red Palm Weevil,Low
2004,Gulbarga,234.0,41.0,Loam,55.0,Coconut,Zaid,Red Palm Weevil,Low
2004,Gulbarga,234.0,41.0,Loam,56.0,Coconut,Zaid,Red Palm Weevil,Low
2004,Gulbarga,234.0,41.0,Red,54.0,Coconut,Zaid,Red Palm Weevil,Low
2004,Gulbarga,3105.0,42.0,Red,58.0,Coconut,Zaid,Red Palm Weevil,High
2004,Gulbarga,3105.0,42.0,Red,58.0,Coconut,Zaid,Red Palm Weevil,High
2004,Gulbarga,3105.0,42.0,Red,59.0,Coconut,Zaid,Red Palm Weevil,High
2004,Gulbarga,236.0,43.0,Red,50.0,Coconut,Zaid,Red Palm Weevil,Low
2004,Gulbarga,236.0,43.0,Red,54.0,Coconut,Zaid,Red Palm Weevil,Low
2013,Gulbarga,321.0,128.0,Red,53.0,Cocoa,Zaid,Cocoa Pod Borer,Low
2014,Gulbarga,3654.0,129.0,Red,52.0,Cocoa,Zaid,Cocoa Pod Borer,High
2015,Gulbarga,323.0,130.0,Red,51.0,Cocoa,Zaid,Cocoa Pod Borer,Low
2016,Gulbarga,324.0,131.0,Red,57.0,Cocoa,Zaid,Cocoa Pod Borer,Low
2017,Gulbarga,3105.0,132.0,Red,57.0,Cocoa,Zaid,Cocoa Pod Borer,High
2018,Gulbarga,326.0,133.0,Red,60.0,Cocoa,Zaid,Cocoa Pod Borer,Low
2004,Gulbarga,327.0,134.0,Red,57.0,Coffee,Zaid,Coffee Berry Borer,Low
2005,Gulbarga,328.0,135.0,Red,57.0,Coffee,Zaid,Coffee Berry Borer,Low
2006,Gulbarga,2903.1,136.0,Red,54.0,Coffee,Zaid,Coffee Berry Borer,Medium
2007,Gulbarga,2903.1,137.0,Red,54.5,Coffee,Zaid,Coffee Berry Borer,Medium
2008,Gulbarga,2903.1,138.0,Red,56.6,Coffee,Zaid,Coffee Berry Borer,Medium
2009,Gulbarga,2996.6,139.0,Red,55.5,Coffee,Zaid,Coffee Berry Borer,Medium
2010,Gulbarga,2996.6,140.0,Red,58.5,Coffee,Zaid,Coffee Berry Borer,Medium
2011,Gulbarga,2996.6,141.0,Red,59.5,Coffee,Zaid,Coffee Berry Borer,Medium
2012,Gulbarga,3522.8,142.0,Red,55.0,Coffee,Zaid,Coffee Berry Borer,High
2013,Gulbarga,3522.8,143.0,Red,53.0,Coffee,Zaid,Coffee Berry Borer,High
2014,Gulbarga,3522.8,144.0,Red,53.5,Coffee,Zaid,Coffee Berry Borer,High
2015,Gulbarga,3729.8,145.0,Red,52.5,Coffee,Zaid,Coffee Berry Borer,High
2016,Gulbarga,3729.8,146.0,Red,56.0,Coffee,Zaid,Coffee Berry Borer,High
2017,Gulbarga,3729.8,147.0,Black,57.0,Coffee,Zaid,Coffee Berry Borer,High
2018,Gulbarga,2746.2,148.0,Black,57.5,Coffee,Zaid,Coffee Berry Borer,Medium
2004,Gulbarga,2746.2,149.0,Black,57.0,Cardamum,Zaid,Thrips,Medium
2005,Gulbarga,2746.2,150.0,Black,55.0,Cardamum,Zaid,Thrips,Medium
2006,Gulbarga,3360.0,151.0,Black,56.0,Cardamum,Zaid,Thrips,High
2007,Gulbarga,3360.0,152.0,Black,54.0,Cardamum,Zaid,Thrips,High
2008,Gulbarga,3360.0,153.0,Black,58.0,Cardamum,Zaid,Thrips,High
2009,Gulbarga,3605.4,154.0,Black,58.0,Cardamum,Zaid,Thrips,High
2010,Gulbarga,3605.4,155.0,Black,59.0,Cardamum,Kharif,Thrips,High
2011,Gulbarga,3605.4,156.0,Black,50.0,Cardamum,Kharif,Thrips,High
2012,Gulbarga,3512.4,157.0,Black,54.0,Cardamum,Kharif,Thrips,High
2013,Gulbarga,3512.4,158.0,Black,53.0,Cardamum,Kharif,Thrips,High
2014,Gulbarga,3512.4,159.0,Black,52.0,Cardamum,Kharif,Thrips,High
2015,Gulbarga,3296.0,160.0,Black,51.0,Cardamum,Kharif,Thrips,High
2016,Gulbarga,3296.0,161.0,Black,57.0,Cardamum,Kharif,Thrips,High
2017,Gulbarga,3296.0,162.0,Black,57.0,Cardamum,Kharif,Thrips,High
2018,Gulbarga,3550.0,163.0,Black,60.0,Cardamum,Kharif,Thrips,High
2004,Madikeri,3550.0,164.0,Black,57.0,Pepper,Kharif,Pollu Beetle,High
2005,Madikeri,3550.0,165.0,Black,57.0,Pepper,Kharif,Pollu Beetle,High
2006,Madikeri,3654.0,166.0,Black,54.0,Pepper,Kharif,Pollu Beetle,High
2007,Madikeri,3654.0,167.0,Black,54.5,Pepper,Kharif,Pollu Beetle,High
2008,Madikeri,3654.0,168.0,Black,56.6,Pepper,Kharif,Pollu Beetle,High
2009,Madikeri,233.0,169.0,Black,55.5,Pepper,Kharif,Pollu Beetle,Low
2010,Madikeri,233.0,170.0,Black,58.5,Pepper,Kharif,Pollu Beetle,Low
2011,Madikeri,233.0,171.0,Black,59.5,Pepper,Kharif,Pollu Beetle,Low
2012,Madikeri,234.0,172.0,Alluvial,55.0,Pepper,Kharif,Pollu Beetle,Low
2013,Madikeri,234.0,173.0,Alluvial,53.0,Pepper,Kharif,Pollu Beetle,Low
2014,Madikeri,234.0,174.0,Alluvial,53.5,Pepper,Kharif,Pollu Beetle,Low
2015,Madikeri,3105.0,175.0,Alluvial,52.5,Pepper,Kharif,Pollu Beetle,High
2016,Madikeri,3105.0,176.0,Alluvial,56.0,Pepper,Kharif,Pollu Beetle,High
2017,Madikeri,3105.0,177.0,Alluvial,57.0,Pepper,Kharif,Pollu Beetle,High
2018,Madikeri,236.0,178.0,Alluvial,57.5,Pepper,Kharif,Pollu Beetle,Low
2004,Madikeri,236.0,179.0,Alluvial,57.0,Arecanut,Kharif,Spindle Bug,Low
2005,Madikeri,2903.1,180.0,Alluvial,55.0,Arecanut,Kharif,Spindle Bug,Medium
2006,Madikeri,2903.1,181.0,Alluvial,56.0,Arecanut,Kharif,Spindle Bug,Medium
2007,Madikeri,2903.1,182.0,Alluvial,54.0,Arecanut,Kharif,Spindle Bug,Medium
2008,Madikeri,2996.6,183.0,Alluvial,58.0,Arecanut,Kharif,Spindle Bug,Medium
2009,Madikeri,2996.6,184.0,Alluvial,58.0,Arecanut,Kharif,Spindle Bug,Medium
2010,Madikeri,2996.6,185.0,Alluvial,59.0,Arecanut,Kharif,Spindle Bug,Medium
2011,Madikeri,3522.8,186.0,Alluvial,50.0,Arecanut,Kharif,Spindle Bug,High
2012,Madikeri,3522.8,187.0,Alluvial,54.0,Arecanut,Kharif,Spindle Bug,High
2013,Madikeri,3522.8,188.0,Alluvial,53.0,Arecanut,Kharif,Spindle Bug,High
2014,Madikeri,2903.1,189.0,Alluvial,52.0,Arecanut,Kharif,Spindle Bug,Medium
2015,Madikeri,2903.1,190.0,Alluvial,51.0,Arecanut,Kharif,Spindle Bug,Medium
2016,Madikeri,2903.1,191.0,Alluvial,57.0,Arecanut,Kharif,Spindle Bug,Medium
2017,Hassan,2996.6,192.0,Alluvial,57.0,Arecanut,Kharif,Spindle Bug,Medium
2018,Hassan,2996.6,193.0,Alluvial,60.0,Arecanut,Kharif,Spindle Bug,Medium
2004,Hassan,2996.6,194.0,Alluvial,57.0,Ginger,Kharif,Shoot Borer,Medium
2005,Hassan,3522.8,195.0,Alluvial,57.0,Ginger,Kharif,Shoot Borer,High
2006,Hassan,3522.8,196.0,Alluvial,54.0,Ginger,Kharif,Shoot Borer,High
2007,Hassan,3522.8,197.0,Sandy loam ,54.5,Ginger,Kharif,Shoot Borer,High
2008,Hassan,3729.8,198.0,Sandy loam ,56.6,Ginger,Kharif,Shoot Borer,High
2009,Hassan,3729.8,199.0,Sandy loam ,55.5,Ginger,Kharif,Shoot Borer,High
2010,Hassan,3729.8,200.0,Sandy loam ,58.5,Ginger,Kharif,Shoot Borer,High
2011,Hassan,2746.2,201.0,Sandy loam ,59.5,Ginger,Kharif,Shoot Borer,Medium
2012,Hassan,2746.2,202.0,Sandy loam ,55.0,Ginger,Kharif,Shoot Borer,Medium
2013,Hassan,2746.2,203.0,Sandy loam ,53.0,Ginger,Kharif,Shoot Borer,Medium
2014,Hassan,3360.0,204.0,Sandy loam ,53.5,Ginger,Kharif,Shoot Borer,High
2015,Hassan,3360.0,205.0,Sandy loam ,52.5,Ginger,Kharif,Shoot Borer,High
2016,Hassan,3360.0,206.0,Sandy loam ,56.0,Ginger,Kharif,Shoot Borer,High
2017,Hassan,3605.4,207.0,Sandy loam ,57.0,Ginger,Kharif,Shoot Borer,High
2018,Hassan,3605.4,208.0,Sandy loam ,57.5,Ginger,Kharif,Shoot Borer,High
2004,Hassan,3605.4,209.0,Sandy loam ,57.0,Tea,Kharif,Tea Mosquito Bug,High
2005,Hassan,3512.4,210.0,Sandy loam ,55.0,Tea,Kharif,Tea Mosquito Bug,High
2006,Hassan,3512.4,211.0,Sandy loam ,56.0,Tea,Kharif,Tea Mosquito Bug,High
2007,Hassan,3512.4,212.0,Sandy loam ,54.0,Tea,Kharif,Tea Mosquito Bug,High
2008,Hassan,3296.0,213.0,Sandy loam ,58.0,Tea,Kharif,Tea Mosquito Bug,High
2009,Hassan,3296.0,214.0,Sandy loam ,58.0,Tea,Kharif,Tea Mosquito Bug,High
2010,Hassan,3296.0,215.0,Sandy loam ,59.0,Tea,Kharif,Tea Mosquito Bug,High
2011,Hassan,3550.0,216.0,Sandy loam ,50.0,Tea,Kharif,Tea Mosquito Bug,High
2012,Hassan,3550.0,217.0,Sandy loam ,54.0,Tea,Kharif,Tea Mosquito Bug,High
2013,Hassan,3550.0,218.0,Sandy loam ,53.0,Tea,Kharif,Tea Mosquito Bug,High
2014,Hassan,3654.0,219.0,Sandy loam ,52.0,Tea,Kharif,Tea Mosquito Bug,High
2015,Hassan,3654.0,220.0,Sandy loam ,51.0,Tea,Kharif,Tea Mosquito Bug,High
2016,Hassan,3654.0,221.0,Sandy loam ,57.0,Tea,Kharif,Tea Mosquito Bug,High
2017,Hassan,233.0,222.0,Red laterite,57.0,Tea,Kharif,Tea Mosquito Bug,Low
2018,Hassan,233.0,27.0,Red laterite,60.0,Tea,Kharif,Tea Mosquito Bug,Low
2004,Hassan,233.0,27.0,Red laterite,57.0,Paddy,Kharif,Stem Borer,Low
2005,Hassan,234.0,27.0,Red laterite,57.0,Paddy,Kharif,Stem Borer,Low
2006,Hassan,234.0,27.0,Red laterite,54.0,Paddy,Kharif,Stem Borer,Low
2007,Hassan,234.0,27.0,Red laterite,54.5,Paddy,Kharif,Stem Borer,Low
2008,Hassan,3105.0,27.2,Red laterite,56.6,Paddy,Kharif,Stem Borer,High
2009,Hassan,3105.0,27.2,Red laterite,55.5,Paddy,Kharif,Stem Borer,High
2010,Hassan,3105.0,27.2,Red laterite,58.5,Paddy,Kharif,Stem Borer,High
2011,Hassan,236.0,27.0,Red laterite,59.5,Paddy,Kharif,Stem Borer,Low
2012,Hassan,236.0,27.0,Red laterite,55.0,Paddy,Kharif,Stem Borer,Low
2013,Hassan,2903.1,27.0,Red laterite,53.0,Paddy,Kharif,Stem Borer,Medium
2014,Hassan,2903.1,27.0,Red laterite,53.5,Paddy,Kharif,Stem Borer,Medium
2015,Hassan,2903.1,27.0,Red laterite,52.5,Paddy,Kharif,Stem Borer,Medium
2016,Hassan,2996.6,27.0,Red laterite,56.0,Paddy,Kharif,Stem Borer,Medium
2017,Hassan,2996.6,27.2,Red laterite,57.0,Paddy,Kharif,Stem Borer,Medium
2018,Hassan,2996.6,27.2,Red laterite,57.5,Paddy,Kharif,Stem Borer,Medium
2004,Hassan,3522.8,27.2,Red laterite,57.0,Groundnut,Kharif,Leaf Miner,High
2005,Hassan,3522.8,27.1,Red laterite,55.0,Groundnut,Kharif,Leaf Miner,High
2006,Hassan,3522.8,27.1,Red laterite,56.0,Groundnut,Kharif,Leaf Miner,High
2007,Hassan,2903.1,27.1,Red laterite,54.0,Groundnut,Kharif,Leaf Miner,Medium
2008,Hassan,2903.1,26.8,Red laterite,58.0,Groundnut,Kharif,Leaf Miner,Medium
2009,Hassan,2903.1,26.8,Red laterite,58.0,Groundnut,Kharif,Leaf Miner,Medium
2010,Hassan,2996.6,26.8,Red laterite,59.0,Groundnut,Kharif,Leaf Miner,Medium
2011,Hassan,2996.6,37.0,Red laterite,50.0,Groundnut,Kharif,Leaf Miner,Medium
2012,Hassan,2996.6,37.0,Black cotton,54.0,Groundnut,Kharif,Leaf Miner,Medium
2013,Hassan,3522.8,37.0,Black cotton,53.0,Groundnut,Kharif,Leaf Miner,High
2014,Hassan,3522.8,38.0,Black cotton,52.0,Groundnut,Kharif,Leaf Miner,High
2015,Hassan,3522.8,38.0,Black cotton,51.0,Groundnut,Kharif,Leaf Miner,High
2016,Hassan,3729.8,38.0,Black cotton,57.0,Groundnut,Kharif,Leaf Miner,High
2017,Hassan,3729.8,39.0,Black cotton,57.0,Groundnut,Kharif,Leaf Miner,High
2018,Hassan,3729.8,39.0,Black cotton,60.0,Groundnut,Kharif,Leaf Miner,High
2004,Hassan,2746.2,39.0,Black cotton,57.0,Blackgram,Kharif,Pod Borer,Medium
2005,Hassan,2746.2,40.0,Black cotton,57.0,Blackgram,Kharif,Pod Borer,Medium
2006,Hassan,2746.2,40.0,Black cotton,54.0,Blackgram,Kharif,Pod Borer,Medium
2007,Hassan,3360.0,40.0,Black cotton,54.5,Blackgram,Kharif,Pod Borer,High
2008,Hassan,3360.0,41.0,Black cotton,56.6,Blackgram,Kharif,Pod Borer,High
2009,Hassan,3360.0,41.0,Black cotton,55.5,Blackgram,Kharif,Pod Borer,High
2010,Hassan,3605.4,41.0,Black cotton,58.5,Blackgram,Kharif,Pod Borer,High
2011,Hassan,3605.4,42.0,Black cotton,59.5,Blackgram,Kharif,Pod Borer,High
2012,Hassan,3605.4,42.0,Black cotton,55.0,Blackgram,Kharif,Pod Borer,High
2013,Hassan,3512.4,42.0,Black cotton,53.0,Blackgram,Kharif,Pod Borer,High
2014,Hassan,3512.4,43.0,Black cotton,53.5,Blackgram,Kharif,Pod Borer,High
2015,Hassan,3512.4,43.0,Black cotton,52.5,Blackgram,Kharif,Pod Borer,High
2016,Hassan,3296.0,27.0,Black cotton,56.0,Blackgram,Kharif,Pod Borer,High
2017,Hassan,3296.0,27.0,Black cotton,59.5,Blackgram,Kharif,Pod Borer,High
2018,Hassan,3296.0,27.0,Black cotton,55.0,Blackgram,Kharif,Pod Borer,High
2004,Hassan,3550.0,27.0,Black cotton,53.0,Cashew,Kharif,Tea Mosquito Bug,High
2005,Hassan,3550.0,27.0,Black cotton,53.5,Cashew,Kharif,Tea Mosquito Bug,High
2006,Hassan,3550.0,27.0,Black cotton,52.5,Cashew,Kharif,Tea Mosquito Bug,High
2007,Hassan,3654.0,27.2,Sandy,56.0,Cashew,Kharif,Tea Mosquito Bug,High
2008,Hassan,3654.0,27.2,Sandy,57.0,Cashew,Kharif,Tea Mosquito Bug,High
2009,Hassan,3654.0,27.2,Sandy,57.5,Cashew,Kharif,Tea Mosquito Bug,High
2010,Hassan,233.0,27.0,Sandy,57.0,Cashew,Kharif,Tea Mosquito Bug,Low
2011,Hassan,233.0,27.0,Sandy,55.0,Cashew,Kharif,Tea Mosquito Bug,Low
2012,Hassan,233.0,27.0,Sandy,56.0,Cashew,Kharif,Tea Mosquito Bug,Low
2013,Hassan,234.0,27.0,Sandy,54.0,Cashew,Kharif,Tea Mosquito Bug,Low
2014,Hassan,234.0,27.0,Sandy,58.0,Cashew,Kharif,Tea Mosquito Bug,Low
2015,Hassan,234.0,27.0,Sandy,58.0,Cashew,Kharif,Tea Mosquito Bug,Low
2016,Hassan,3105.0,27.2,Sandy,59.0,Cashew,Kharif,Tea Mosquito Bug,High
2017,Hassan,3105.0,27.2,Sandy,50.0,Cashew,Kharif,Tea Mosquito Bug,High
2018,Hassan,3105.0,27.2,Sandy,54.0,Cashew,Kharif,Tea Mosquito Bug,High
2004,Hassan,236.0,27.1,Sandy,53.0,Coconut,Kharif,Red Palm Weevil,Low
2005,Hassan,236.0,27.1,Sandy,59.5,Coconut,Kharif,Red Palm Weevil,Low
2006,Hassan,2903.1,27.1,Sandy,55.0,Coconut,Kharif,Red Palm Weevil,Medium
2007,Hassan,2903.1,26.8,Sandy,53.0,Coconut,Kharif,Red Palm Weevil,Medium
2008,Hassan,2903.1,26.8,Sandy,53.5,Coconut,Kharif,Red Palm Weevil,Medium
2009,Hassan,2996.6,26.8,Sandy,52.5,Coconut,Kharif,Red Palm Weevil,Medium
2010,Hassan,2996.6,37.0,Sandy,56.0,Coconut,Kharif,Red Palm Weevil,Medium
2011,Hassan,2996.6,37.0,Sandy,57.0,Coconut,Kharif,Red Palm Weevil,Medium
2012,Hassan,3522.8,37.0,Sandy,57.5,Coconut,Kharif,Red Palm Weevil,High
2013,Hassan,3522.8,38.0,Sandy,57.0,Coconut,Kharif,Red Palm Weevil,High
2014,Hassan,3522.8,38.0,Sandy,55.0,Coconut,Kharif,Red Palm Weevil,High
2015,Hassan,2903.1,38.0,Sandy,56.0,Coconut,Kharif,Red Palm Weevil,Medium
2016,Hassan,2903.1,39.0,Sandy,54.0,Coconut,Kharif,Red Palm Weevil,Medium
2017,Hassan,2903.1,39.0,Laterite,58.0,Coconut,Kharif,Red Palm Weevil,Medium
2018,Hassan,2996.6,39.0,Laterite,58.0,Coconut,Kharif,Red Palm Weevil,Medium
2019,Hassan,2996.6,40.0,Laterite,59.0,Coconut,Kharif,Red Palm Weevil,Medium
2004,Hassan,2996.6,40.0,Laterite,50.0,Ginger,Kharif,Shoot Borer,Medium
2005,Hassan,3522.8,40.0,Laterite,54.0,Ginger,Kharif,Shoot Borer,High
2006,Hassan,3522.8,41.0,Laterite,53.0,Ginger,Kharif,Shoot Borer,High
2007,Hassan,3522.8,41.0,Laterite,59.5,Ginger,Kharif,Shoot Borer,High
2008,Hassan,3729.8,41.0,Laterite,55.0,Ginger,Kharif,Shoot Borer,High
2009,Hassan,3729.8,42.0,Laterite,53.0,Ginger,Kharif,Shoot Borer,High
2010,Hassan,3729.8,42.0,Laterite,53.5,Ginger,Kharif,Shoot Borer,High
2011,Hassan,2746.2,42.0,Laterite,52.5,Ginger,Kharif,Shoot Borer,Medium
2012,Hassan,2746.2,43.0,Laterite,56.0,Ginger,Kharif,Shoot Borer,Medium
2013,Hassan,2746.2,27.0,Laterite,57.0,Ginger,Kharif,Shoot Borer,Medium
2014,Hassan,3360.0,27.0,Laterite,57.5,Ginger,Kharif,Shoot Borer,High
2015,Hassan,3360.0,27.0,Laterite,57.0,Ginger,Kharif,Shoot Borer,High
2016,Hassan,3360.0,27.0,Laterite,55.0,Ginger,Kharif,Shoot Borer,High
2017,Hassan,3605.4,27.0,Laterite,56.0,Ginger,Kharif,Shoot Borer,High
2018,Hassan,3605.4,27.0,Laterite,54.0,Ginger,Kharif,Shoot Borer,High
2012,Hassan,2903.1,27.0,Laterite,57.0,Coconut,Kharif,Red Palm Weevil,Medium
2013,Hassan,2903.1,27.0,Laterite,57.5,Coconut,Kharif,Red Palm Weevil,Medium
2014,Hassan,2903.1,27.2,Laterite,57.0,Coconut,Kharif,Red Palm Weevil,Medium
2015,Hassan,2996.6,27.2,Laterite,55.0,Coconut,Kharif,Red Palm Weevil,Medium
2016,Mangalore,2996.6,27.2,Laterite,56.0,Coconut,Kharif,Red Palm Weevil,Medium
2017,Mangalore,2996.6,27.0,Laterite,54.0,Coconut,Kharif,Red Palm Weevil,Medium
2018,Mangalore,3522.8,27.0,Laterite,58.0,Coconut,Kharif,Red Palm Weevil,High
2019,Mangalore,3522.8,27.0,Laterite,58.0,Coconut,Kharif,Red Palm Weevil,High
2004,Mangalore,3522.8,27.0,Laterite,59.0,Coconut,Kharif,Red Palm Weevil,High
2005,Mangalore,3729.8,27.0,Laterite,50.0,Coconut,Kharif,Red Palm Weevil,High
2006,Mangalore,3729.8,27.0,Laterite,54.0,Coconut,Kharif,Red Palm Weevil,High
2007,Mangalore,3729.8,27.2,Laterite,53.0,Coconut,Kharif,Red Palm Weevil,High
2008,Mangalore,2746.2,27.2,Laterite,52.0,Coconut,Kharif,Red Palm Weevil,Medium
2009,Mangalore,2746.2,27.2,Laterite,51.0,Coconut,Kharif,Red Palm Weevil,Medium
2010,Mangalore,2746.2,27.1,Laterite,57.0,Coconut,Kharif,Red Palm Weevil,Medium
2011,Mangalore,3360.0,27.1,Laterite,57.0,Coconut,Kharif,Red Palm Weevil,High
2012,Mangalore,3360.0,27.1,Laterite,60.0,Coconut,Kharif,Red Palm Weevil,High
2013,Mangalore,3360.0,26.8,Laterite,57.0,Coconut,Kharif,Red Palm Weevil,High
2014,Mangalore,3605.4,26.8,Laterite,57.0,Coconut,Kharif,Red Palm Weevil,High
2015,Mangalore,3605.4,27.1,Laterite,54.0,Coconut,Kharif,Red Palm Weevil,High
2016,Mangalore,3605.4,27.1,Laterite,54.5,Coconut,Kharif,Red Palm Weevil,High
2017,Kodagu,3512.4,26.8,Laterite,56.6,Coconut,Kharif,Red Palm Weevil,High
2018,Kodagu,3512.4,26.8,Laterite,55.5,Coconut,Kharif,Red Palm Weevil,High
2011,Kodagu,3512.4,26.8,Laterite,58.5,Coconut,Kharif,Red Palm Weevil,High
2012,Kodagu,3296.0,37.0,Laterite,59.5,Coconut,Kharif,Red Palm Weevil,High
2013,Kodagu,3550.0,37.0,Laterite,55.0,Coconut,Kharif,Red Palm Weevil,High
2014,Kodagu,3550.0,37.0,Laterite,53.0,Coconut,Kharif,Red Palm Weevil,High
2015,Kodagu,3550.0,38.0,Laterite,53.5,Coconut,Kharif,Red Palm Weevil,High
2016,Kodagu,3654.0,38.0,Laterite,52.5,Coconut,Kharif,Red Palm Weevil,High
2017,Kodagu,3654.0,38.0,Laterite,56.0,Coconut,Kharif,Red Palm Weevil,High
2018,Kodagu,3654.0,39.0,Laterite,57.0,Coconut,Kharif,Red Palm Weevil,High
2004,Kodagu,233.0,39.0,Laterite,57.5,Coconut,Kharif,Red Palm Weevil,Low
2005,Kodagu,233.0,39.0,Laterite,57.0,Coconut,Kharif,Red Palm Weevil,Low
2006,Kodagu,233.0,40.0,Laterite,55.0,Coconut,Kharif,Red Palm Weevil,Low
2007,Kodagu,234.0,40.0,Laterite,56.0,Coconut,Kharif,Red Palm Weevil,Low
2008,Kodagu,234.0,40.0,Laterite,54.0,Coconut,Kharif,Red Palm Weevil,Low
2009,Kodagu,234.0,41.0,Laterite,58.0,Coconut,Kharif,Red Palm Weevil,Low
2010,Kodagu,3105.0,41.0,Laterite,58.0,Coconut,Kharif,Red Palm Weevil,High
2011,Kodagu,3105.0,41.0,Laterite,59.0,Coconut,Kharif,Red Palm Weevil,High
2012,Kodagu,3105.0,42.0,Laterite,50.0,Coconut,Kharif,Red Palm Weevil,High
2013,Kodagu,236.0,42.0,Laterite,54.0,Coconut,Kharif,Red Palm Weevil,Low
2014,Kodagu,236.0,42.0,Laterite,53.0,Coconut,Kharif,Red Palm Weevil,Low
2015,Kodagu,2903.1,43.0,Laterite,52.0,Coconut,Kharif,Red Palm Weevil,Medium
2016,Kodagu,2903.1,27.0,Laterite,51.0,Coconut,Kharif,Red Palm Weevil,Medium
2017,Kodagu,2903.1,27.0,Laterite,57.0,Coconut,Kharif,Red Palm Weevil,Medium
2018,Kodagu,2996.6,27.0,Laterite,57.0,Coconut,Kharif,Red Palm Weevil,Medium
2004,Kodagu,2996.6,27.0,Laterite,60.0,Coconut,Kharif,Red Palm Weevil,Medium
2005,Kodagu,2996.6,27.0,Laterite,57.0,Coconut,Kharif,Red Palm Weevil,Medium
2012,Kodagu,3296.0,27.0,Laterite,57.0,Coconut,Kharif,Red Palm Weevil,High
2013,Kodagu,3550.0,27.2,Laterite,54.0,Coconut,Kharif,Red Palm Weevil,High
2014,Kodagu,3550.0,27.2,Laterite,54.5,Coconut,Kharif,Red Palm Weevil,High
2015,Kodagu,3550.0,27.2,Alluvial,56.6,Coconut,Kharif,Red Palm Weevil,High
2016,Mysuru,3654.0,27.0,Alluvial,55.5,Coconut,Kharif,Red Palm Weevil,High
2017,Mysuru,3654.0,27.0,Alluvial,58.5,Coconut,Kharif,Red Palm Weevil,High
2018,Mysuru,3654.0,27.0,Alluvial,59.5,Coconut,Kharif,Red Palm Weevil,High
2004,Mysuru,233.0,27.0,Alluvial,55.0,Coconut,Kharif,Red Palm Weevil,Low
2005,Mysuru,233.0,27.0,Alluvial,53.0,Coconut,Kharif,Red Palm Weevil,Low
2006,Mysuru,233.0,27.0,Alluvial,53.5,Coconut,Kharif,Red Palm Weevil,Low
2007,Mysuru,234.0,27.2,Alluvial,52.5,Coconut,Kharif,Red Palm Weevil,Low
2008,Mysuru,234.0,27.2,Alluvial,56.0,Coconut,Kharif,Red Palm Weevil,Low
2009,Mysuru,234.0,27.2,Alluvial,57.0,Coconut,Kharif,Red Palm Weevil,Low
2010,Mysuru,3105.0,27.1,Loam,57.5,Coconut,Kharif,Red Palm Weevil,High
2011,Mysuru,3105.0,27.1,Loam,57.0,Coconut,Kharif,Red Palm Weevil,High
2012,Mysuru,3105.0,27.1,Loam,55.0,Coconut,Kharif,Red Palm Weevil,High
2013,Mysuru,236.0,26.8,Loam,56.0,Coconut,Kharif,Red Palm Weevil,Low
2014,Mysuru,236.0,26.8,Loam,54.0,Coconut,Kharif,Red Palm Weevil,Low
2015,Mysuru,2903.1,26.8,Loam,58.0,Coconut,Kharif,Red Palm Weevil,Medium
2016,Mysuru,2903.1,37.0,Loam,58.0,Coconut,Kharif,Red Palm Weevil,Medium
2017,Mysuru,2903.1,37.0,Loam,59.0,Coconut,Kharif,Red Palm Weevil,Medium
2018,Mysuru,2996.6,37.0,Loam,50.0,Coconut,Kharif,Red Palm Weevil,Medium
2019,Mysuru,2996.6,38.0,Loam,54.0,Coconut,Kharif,Red Palm Weevil,Medium
2004,Mysuru,2996.6,38.0,Teelah,53.0,Coconut,Kharif,Red Palm Weevil,Medium
2013,Mysuru,2903.1,38.0,Teelah,52.0,Coconut,Kharif,Red Palm Weevil,Medium
2014,Mysuru,2903.1,39.0,Teelah,51.0,Coconut,Kharif,Red Palm Weevil,Medium
2015,Mysuru,2903.1,39.0,Teelah,57.0,Coconut,Kharif,Red Palm Weevil,Medium
2016,Mysuru,2996.6,39.0,Teelah,57.0,Coconut,Kharif,Red Palm Weevil,Medium
2017,Mysuru,2996.6,40.0,Teelah,60.0,Coconut,Kharif,Red Palm Weevil,Medium
2018,Mysuru,2996.6,40.0,Teelah,57.0,Coconut,Kharif,Red Palm Weevil,Medium
2004,Mysuru,3522.8,40.0,Teelah,57.0,Coconut,Kharif,Red Palm Weevil,High
2005,Mysuru,3522.8,41.0,Teelah,54.0,Coconut,Kharif,Red Palm Weevil,High
2006,Mysuru,3522.8,41.0,Teelah,54.5,Coconut,Kharif,Red Palm Weevil,High
2007,Mysuru,3729.8,41.0,Teelah,56.6,Coconut,Kharif,Red Palm Weevil,High
2008,Mysuru,3729.8,42.0,Clay,55.5,Cotton,Kharif,Bollworm,High
2009,Mysuru,3729.8,42.0,Clay,58.5,Cotton,Kharif,Bollworm,High
2010,Mysuru,2746.2,42.0,Clay,59.5,Cotton,Kharif,Bollworm,Medium
2011,Mysuru,2746.2,43.0,Clay,55.0,Cotton,Kharif,Bollworm,Medium
2012,Mysuru,2746.2,43.0,Clay,53.0,Cotton,Kharif,Bollworm,Medium
2013,Mysuru,3360.0,27.0,Clay,53.5,Coconut,Kharif,Red Palm Weevil,High
2014,Mysuru,3360.0,27.0,Clay,52.5,Coconut,Kharif,Red Palm Weevil,High
2015,Mysuru,3360.0,27.0,Clay,56.0,Coconut,Kharif,Red Palm Weevil,High
2016,Mysuru,3605.4,27.0,Clay,57.0,Coconut,Kharif,Red Palm Weevil,High
2017,Mysuru,3605.4,27.0,Clay,57.5,Coconut,Kharif,Red Palm Weevil,High
2018,Mysuru,3605.4,27.0,Clay,57.0,Coconut,Kharif,Red Palm Weevil,High
2013,Mysuru,3512.4,27.2,Clay,55.0,Coconut,Kharif,Red Palm Weevil,High
2014,Mysuru,3512.4,27.2,Clay,56.0,Coconut,Kharif,Red Palm Weevil,High
2015,Mysuru,3512.4,27.2,Clay,54.0,Coconut,Kharif,Red Palm Weevil,High
2016,Mysuru,3296.0,27.0,Clay,58.0,Coconut,Kharif,Red Palm Weevil,High
2017,Mysuru,3296.0,27.0,Clay,58.0,Coconut,Kharif,Red Palm Weevil,High
2018,Mysuru,3296.0,27.0,Clay,59.0,Coconut,Kharif,Red Palm Weevil,High
2004,Mysuru,3550.0,27.0,Clay,50.0,Coconut,Kharif,Red Palm Weevil,High
2005,Mysuru,3550.0,27.0,Clay,54.0,Coconut,Kharif,Red Palm Weevil,High
2006,Mysuru,3550.0,27.0,Clay,53.0,Coconut,Kharif,Red Palm Weevil,High
2007,Mysuru,3654.0,27.2,Clay,52.0,Coconut,Kharif,Red Palm Weevil,High
2008,Mysuru,3654.0,27.2,Clay,51.0,Coconut,Kharif,Red Palm Weevil,High
2009,Mysuru,3654.0,27.2,Clay,57.0,Coconut,Kharif,Red Palm Weevil,High
2010,Mysuru,233.0,27.1,Clay,57.0,Coconut,Kharif,Red Palm Weevil,Low
2011,Mysuru,233.0,27.1,Clay,60.0,Coconut,Kharif,Red Palm Weevil,Low
2012,Kasaragodu,233.0,27.1,Clay,57.0,Coconut,Kharif,Red Palm Weevil,Low
2013,Kasaragodu,234.0,26.8,Clay,57.0,Coconut,Kharif,Red Palm Weevil,Low
2014,Kasaragodu,234.0,26.8,Clay,54.0,Coconut,Kharif,Red Palm Weevil,Low
2015,Kasaragodu,234.0,26.8,Clay,54.5,Coconut,Kharif,Red Palm Weevil,Low
2016,Kasaragodu,3105.0,37.0,Clay,56.6,Coconut,Kharif,Red Palm Weevil,High
2017,Kasaragodu,3105.0,37.0,Clay,55.5,Coconut,Kharif,Red Palm Weevil,High
2018,Kasaragodu,3105.0,37.0,Clay,58.5,Coconut,Kharif,Red Palm Weevil,High
2015,Kasaragodu,236.0,38.0,Clay,59.5,Coconut,Kharif,Red Palm Weevil,Low
2016,Kasaragodu,236.0,38.0,Clay,55.0,Coconut,Kharif,Red Palm Weevil,Low
2017,Kasaragodu,2903.1,38.0,Clay loam,53.0,Coconut,Kharif,Red Palm Weevil,Medium
2018,Kasaragodu,2903.1,39.0,Clay loam,53.5,Coconut,Kharif,Red Palm Weevil,Medium
2013,Kasaragodu,2903.1,39.0,Clay loam,52.5,Coconut,Kharif,Red Palm Weevil,Medium
2014,Kasaragodu,2996.6,39.0,Clay loam,56.0,Coconut,Kharif,Red Palm Weevil,Medium
2015,Kasaragodu,2996.6,41.0,Clay loam,57.0,Coconut,Kharif,Red Palm Weevil,Medium
2016,Kasaragodu,2996.6,42.0,Clay loam,57.5,Coconut,Kharif,Red Palm Weevil,Medium
2017,Kasaragodu,3522.8,42.0,Clay loam,57.0,Coconut,Kharif,Red Palm Weevil,High
2018,Kasaragodu,3522.8,42.0,Clay loam,55.0,Coconut,Kharif,Red Palm Weevil,High
2004,Kasaragodu,3522.8,43.0,Clay loam,56.0,Coconut,Kharif,Red Palm Weevil,High
2005,Kasaragodu,3729.8,43.0,Clay loam,54.0,Coconut,Kharif,Red Palm Weevil,High
2006,Kasaragodu,3729.8,128.0,Clay loam,58.0,Coconut,Kharif,Red Palm Weevil,High
2007,Kasaragodu,3729.8,129.0,Clay loam,58.0,Coconut,Kharif,Red Palm Weevil,High
2008,Kasaragodu,2746.2,130.0,Clay loam,59.0,Coconut,Kharif,Red Palm Weevil,Medium
2009,Kasaragodu,2746.2,131.0,Clay loam,50.0,Coconut,Kharif,Red Palm Weevil,Medium
2010,Kasaragodu,2746.2,132.0,Clay loam,54.0,Coconut,Kharif,Red Palm Weevil,Medium
2011,Kasaragodu,3360.0,133.0,Clay loam,53.0,Cocoa,Kharif,Cocoa Pod Borer,High
2012,Kasaragodu,3360.0,134.0,Clay loam,52.0,Cocoa,Kharif,Cocoa Pod Borer,High
2013,Kasaragodu,3360.0,135.0,Clay loam,51.0,Cocoa,Kharif,Cocoa Pod Borer,High
2014,Kasaragodu,3605.4,136.0,Clay loam,57.0,Cocoa,Kharif,Cocoa Pod Borer,High
2015,Kasaragodu,3605.4,137.0,Arid and Desert,57.0,Cocoa,Kharif,Cocoa Pod Borer,High
2016,Kasaragodu,3605.4,138.0,Arid and Desert,60.0,Cocoa,Kharif,Cocoa Pod Borer,High
2017,Raichur,3512.4,139.0,Arid and Desert,57.0,Coffee,Kharif,Coffee Berry Borer,High
2016,Raichur,3512.4,140.0,Arid and Desert,57.0,Coffee,Kharif,Coffee Berry Borer,High
2017,Raichur,3512.4,141.0,Arid and Desert,54.0,Coffee,Kharif,Coffee Berry Borer,High
2018,Raichur,3296.0,142.0,Arid and Desert,54.5,Coffee,Kharif,Coffee Berry Borer,High
2013,Raichur,3296.0,143.0,Arid and Desert,56.6,Coffee,Kharif,Coffee Berry Borer,High
2014,Raichur,3296.0,144.0,Arid and Desert,55.5,Coffee,Kharif,Coffee Berry Borer,High
2015,Raichur,3550.0,145.0,Arid and Desert,58.5,Coffee,Kharif,Coffee Berry Borer,High
2016,Raichur,3550.0,146.0,Arid and Desert,59.5,Coffee,Kharif,Coffee Berry Borer,High
2017,Raichur,3550.0,147.0,Arid and Desert,55.0,Coffee,Kharif,Coffee Berry Borer,High
2018,Raichur,3654.0,148.0,Loam,53.0,Coffee,Kharif,Coffee Berry Borer,High
2004,Raichur,3654.0,149.0,Loam,53.5,Coffee,Kharif,Coffee Berry Borer,High
2005,Raichur,3654.0,150.0,Loam,52.5,Coffee,Kharif,Coffee Berry Borer,High
2006,Raichur,233.0,151.0,Loam,56.0,Coffee,Kharif,Coffee Berry Borer,Low
2007,Raichur,233.0,152.0,Loam,57.0,Coffee,Kharif,Coffee Berry Borer,Low
2008,Raichur,233.0,153.0,Loam,57.5,Coffee,Kharif,Coffee Berry Borer,Low
2009,Raichur,2903.1,154.0,Loam,57.0,Cardamum,Kharif,Thrips,Medium
2010,Raichur,2903.1,155.0,Loam,55.0,Cardamum,Kharif,Thrips,Medium
2011,Raichur,2903.1,156.0,Loam,56.0,Cardamum,Kharif,Thrips,Medium
2012,Raichur,2996.6,157.0,Loam,54.0,Cardamum,Kharif,Thrips,Medium
2013,Raichur,2996.6,158.0,Sandy loam ,58.0,Cardamum,Kharif,Thrips,Medium
2014,Raichur,2996.6,159.0,Sandy loam ,58.0,Cardamum,Kharif,Thrips,Medium
2015,Raichur,3522.8,160.0,Sandy loam ,59.0,Cardamum,Kharif,Thrips,High
2016,Raichur,3522.8,161.0,Sandy loam ,50.0,Cardamum,Kharif,Thrips,High
2017,Raichur,3522.8,162.0,Sandy loam ,54.0,Cardamum,Kharif,Thrips,High
2016,Raichur,3729.8,163.0,Sandy loam ,53.0,Cardamum,Kharif,Thrips,High
2017,Raichur,3729.8,164.0,Sandy loam ,52.0,Cardamum,Kharif,Thrips,High
2016,Raichur,3729.8,165.0,Sandy loam ,51.0,Cardamum,Kharif,Thrips,High
2017,Raichur,2746.2,166.0,Sandy loam ,57.0,Cardamum,Kharif,Thrips,Medium
2018,Raichur,2746.2,167.0,Sandy loam ,57.0,Cardamum,Kharif,Thrips,Medium
2013,Raichur,2746.2,168.0,Sandy loam ,60.0,Cardamum,Kharif,Thrips,Medium
2014,Gulbarga,3360.0,169.0,Sandy loam ,57.0,Cotton,Kharif,Bollworm,High
2015,Gulbarga,3360.0,170.0,Sandy loam ,57.0,Cotton,Kharif,Bollworm,High
2016,Gulbarga,3360.0,171.0,Sandy loam ,54.0,Cotton,Kharif,Bollworm,High
2017,Gulbarga,3605.4,172.0,Sandy loam ,54.5,Cotton,Kharif,Bollworm,High
2018,Gulbarga,3605.4,173.0,Sandy loam ,56.6,Pepper,Kharif,Pollu Beetle,High
2004,Gulbarga,3605.4,174.0,Sandy loam ,55.5,Pepper,Kharif,Pollu Beetle,High
2005,Gulbarga,3512.4,175.0,Sandy loam ,58.5,Pepper,Kharif,Pollu Beetle,High
2006,Gulbarga,3512.4,176.0,Sandy loam ,59.5,Pepper,Kharif,Pollu Beetle,High
2007,Gulbarga,3512.4,177.0,Sandy loam ,55.0,Pepper,Kharif,Pollu Beetle,High
2008,Gulbarga,3296.0,178.0,Sandy loam ,53.0,Pepper,Kharif,Pollu Beetle,High
2009,Gulbarga,3296.0,179.0,Sandy loam ,53.5,Pepper,Kharif,Pollu Beetle,High
2010,Gulbarga,3296.0,180.0,Sandy loam ,52.5,Pepper,Kharif,Pollu Beetle,High
2011,Gulbarga,3550.0,181.0,Sandy loam ,56.0,Pepper,Kharif,Pollu Beetle,High
2012,Gulbarga,3550.0,182.0,Sandy loam ,57.0,Pepper,Kharif,Pollu Beetle,High
2013,Gulbarga,3550.0,183.0,Sandy loam ,57.5,Pepper,Kharif,Pollu Beetle,High
2014,Gulbarga,3654.0,184.0,Arid and Desert,57.0,Arecanut,Kharif,Spindle Bug,High
2015,Gulbarga,3654.0,185.0,Arid and Desert,55.0,Arecanut,Kharif,Spindle Bug,High
2016,Gulbarga,3654.0,186.0,Arid and Desert,56.0,Arecanut,Kharif,Spindle Bug,High
2017,Gulbarga,233.0,187.0,Arid and Desert,54.0,Arecanut,Kharif,Spindle Bug,Low
2017,Gulbarga,233.0,188.0,Arid and Desert,58.0,Arecanut,Kharif,Spindle Bug,Low
2016,Gulbarga,233.0,189.0,Arid and Desert,58.0,Arecanut,Kharif,Spindle Bug,Low
2017,Gulbarga,234.0,190.0,Arid and Desert,59.0,Arecanut,Kharif,Spindle Bug,Low
2018,Gulbarga,234.0,191.0,Arid and Desert,50.0,Arecanut,Kharif,Spindle Bug,Low
2013,Gulbarga,234.0,192.0,Arid and Desert,54.0,Arecanut,Kharif,Spindle Bug,Low
2014,Gulbarga,3105.0,193.0,Arid and Desert,53.0,Arecanut,Kharif,Spindle Bug,High
2015,Gulbarga,3105.0,194.0,Arid and Desert,52.0,Arecanut,Kharif,Spindle Bug,High
2016,Gulbarga,3105.0,195.0,Arid and Desert,51.0,Arecanut,Kharif,Spindle Bug,High
2017,Gulbarga,236.0,196.0,Arid and Desert,57.0,Arecanut,Kharif,Spindle Bug,Low
2018,Gulbarga,236.0,197.0,Arid and Desert,57.0,Arecanut,Kharif,Spindle Bug,Low
2004,Gulbarga,2903.1,198.0,Arid and Desert,60.0,Arecanut,Kharif,Spindle Bug,Medium
2005,Gulbarga,2903.1,199.0,Arid and Desert,57.0,Ginger,Kharif,Shoot Borer,Medium
2006,Gulbarga,2903.1,200.0,Arid and Desert,57.0,Ginger,Kharif,Shoot Borer,Medium
2007,Gulbarga,2996.6,201.0,Arid and Desert,54.0,Ginger,Kharif,Shoot Borer,Medium
2008,Gulbarga,2996.6,202.0,Arid and Desert,54.5,Ginger,Kharif,Shoot Borer,Medium
2009,Gulbarga,2996.6,203.0,Arid and Desert,56.6,Ginger,Kharif,Shoot Borer,Medium
2010,Gulbarga,3522.8,204.0,Arid and Desert,55.5,Ginger,Kharif,Shoot Borer,High
2011,Gulbarga,3522.8,205.0,Arid and Desert,58.5,Ginger,Kharif,Shoot Borer,High
2012,Madikeri,3522.8,206.0,Arid and Desert,59.5,Ginger,Kharif,Shoot Borer,High
2013,Madikeri,3729.8,207.0,Arid and Desert,55.0,Ginger,Kharif,Shoot Borer,High
2014,Madikeri,3729.8,208.0,Arid and Desert,53.0,Ginger,Kharif,Shoot Borer,High
2015,Madikeri,3729.8,209.0,Arid and Desert,53.5,Ginger,Kharif,Shoot Borer,High
2016,Madikeri,2746.2,210.0,Arid and Desert,52.5,Ginger,Kharif,Shoot Borer,Medium
2017,Madikeri,2746.2,211.0,Arid and Desert,56.0,Ginger,Kharif,Shoot Borer,Medium
2004,Madikeri,2746.2,212.0,Arid and Desert,57.0,Ginger,Kharif,Shoot Borer,Medium
2004,Madikeri,3360.0,213.0,Arid and Desert,57.5,Ginger,Kharif,Shoot Borer,High
2004,Madikeri,3360.0,214.0,loamy sand,57.0,Tea,Kharif,Tea Mosquito Bug,High
2004,Madikeri,3360.0,215.0,loamy sand,55.0,Tea,Kharif,Tea Mosquito Bug,High
2004,Madikeri,3605.4,216.0,loamy sand,56.0,Tea,Kharif,Tea Mosquito Bug,High
2004,Madikeri,3605.4,217.0,loamy sand,54.0,Tea,Kharif,Tea Mosquito Bug,High
2004,Madikeri,3605.4,218.0,loamy sand,58.0,Tea,Kharif,Tea Mosquito Bug,High
2004,Madikeri,3512.4,219.0,loamy sand,58.0,Tea,Kharif,Tea Mosquito Bug,High
2004,Madikeri,3512.4,220.0,loamy sand,59.0,Tea,Kharif,Tea Mosquito Bug,High
2004,Madikeri,3512.4,221.0,loamy sand,50.0,Tea,Kharif,Tea Mosquito Bug,High
2004,Madikeri,3296.0,222.0,loamy sand,54.0,Tea,Kharif,Tea Mosquito Bug,High
2004,Madikeri,3296.0,27.0,loamy sand,53.0,Tea,Kharif,Tea Mosquito Bug,High
2004,Madikeri,3296.0,27.0,loamy sand,52.0,Tea,Kharif,Tea Mosquito Bug,High
2004,Madikeri,3550.0,27.0,loamy sand,51.0,Tea,Kharif,Tea Mosquito Bug,High
2004,Madikeri,3550.0,27.0,loamy sand,57.0,Tea,Kharif,Tea Mosquito Bug,High
2004,Madikeri,3550.0,27.0,loamy sand,57.0,Tea,Kharif,Tea Mosquito Bug,High
2004,Madikeri,3654.0,27.2,loamy sand,60.0,Tea,Kharif,Tea Mosquito Bug,High
2004,Madikeri,3654.0,27.2,loamy sand,57.0,Paddy,Kharif,Stem Borer,High
2004,Madikeri,3654.0,27.2,loamy sand,57.0,Paddy,Kharif,Stem Borer,High
2004,Madikeri,233.0,27.0,loamy sand,54.0,Paddy,Kharif,Stem Borer,Low
2004,Madikeri,233.0,27.0,loamy sand,54.5,Paddy,Kharif,Stem Borer,Low
2004,Madikeri,233.0,27.0,loamy sand,56.6,Paddy,Kharif,Stem Borer,Low
2004,Madikeri,2903.1,27.0,loamy sand,55.5,Paddy,Kharif,Stem Borer,Medium
2004,Madikeri,2903.1,27.0,loamy sand,58.5,Paddy,Kharif,Stem Borer,Medium
2004,Chikmangaluru,2903.1,27.0,loamy sand,59.5,Paddy,Kharif,Stem Borer,Medium
2004,Chikmangaluru,2996.6,27.2,loamy sand,55.0,Paddy,Kharif,Stem Borer,Medium
2004,Chikmangaluru,2996.6,27.2,loamy sand,53.0,Paddy,Kharif,Stem Borer,Medium
2004,Chikmangaluru,2996.6,27.2,loamy sand,53.5,Paddy,Kharif,Stem Borer,Medium
2004,Chikmangaluru,3522.8,27.1,loamy sand,52.5,Paddy,Kharif,Stem Borer,High
2004,Chikmangaluru,3522.8,27.1,loamy sand,56.0,Paddy,Kharif,Stem Borer,High
2004,Chikmangaluru,3522.8,27.1,loamy sand,57.0,Paddy,Kharif,Stem Borer,High
2004,Chikmangaluru,3729.8,26.8,Clay loam,57.5,Paddy,Kharif,Stem Borer,High
2004,Chikmangaluru,3729.8,26.8,Clay loam,57.0,Groundnut,Kharif,Leaf Miner,High
2004,Chikmangaluru,3729.8,26.8,Clay loam,55.0,Groundnut,Kharif,Leaf Miner,High
2004,Chikmangaluru,2746.2,37.0,Clay loam,56.0,Groundnut,Kharif,Leaf Miner,Medium
2004,Chikmangaluru,2746.2,37.0,Clay loam,54.0,Cotton,Kharif,Bollworm,Medium
2004,Chikmangaluru,2746.2,37.0,Clay loam,58.0,Cotton,Kharif,Bollworm,Medium
2004,Chikmangaluru,3360.0,38.0,Clay loam,58.0,Cotton,Kharif,Bollworm,High
2004,Chikmangaluru,3360.0,38.0,Clay loam,59.0,Cotton,Kharif,Bollworm,High
2004,Chikmangaluru,3360.0,38.0,Clay loam,50.0,Groundnut,Kharif,Leaf Miner,High
2004,Chikmangaluru,3605.4,39.0,Clay loam,54.0,Groundnut,Kharif,Leaf Miner,High
2004,Chikmangaluru,3605.4,39.0,Clay loam,53.0,Groundnut,Kharif,Leaf Miner,High
2004,Chikmangaluru,3605.4,39.0,Clay loam,52.0,Groundnut,Kharif,Leaf Miner,High
2004,Chikmangaluru,3512.4,40.0,Clay loam,51.0,Groundnut,Kharif,Leaf Miner,High
2004,Chikmangaluru,3512.4,40.0,Clay loam,57.0,Groundnut,Kharif,Leaf Miner,High
2004,Chikmangaluru,3512.4,40.0,Clay loam,57.0,Groundnut,Kharif,Leaf Miner,High
2004,Chikmangaluru,3296.0,41.0,Clay loam,60.0,Groundnut,Kharif,Leaf Miner,High
2004,Chikmangaluru,3296.0,41.0,Clay loam,57.0,Blackgram,Kharif,Pod Borer,High
2004,Chikmangaluru,3296.0,41.0,Clay loam,57.0,Blackgram,Kharif,Pod Borer,High
2004,Chikmangaluru,3550.0,42.0,Clay loam,54.0,Blackgram,Kharif,Pod Borer,High
2004,Chikmangaluru,3550.0,42.0,Clay loam,54.5,Blackgram,Kharif,Pod Borer,High
2004,Chikmangaluru,3550.0,42.0,Clay loam,56.6,Blackgram,Kharif,Pod Borer,High
2004,Chikmangaluru,3654.0,43.0,Clay loam,55.5,Blackgram,Kharif,Pod Borer,High
2004,Chikmangaluru,3654.0,43.0,Clay loam,58.5,Blackgram,Kharif,Pod Borer,High
2004,Chikmangaluru,3654.0,27.0,Clay loam,59.5,Blackgram,Kharif,Pod Borer,High
2004,Chikmangaluru,233.0,27.0,Clay loam,55.0,Blackgram,Kharif,Pod Borer,Low
2004,Chikmangaluru,233.0,27.0,Clay loam,53.0,Blackgram,Kharif,Pod Borer,Low
2004,Chikmangaluru,233.0,27.0,Clay loam,53.5,Blackgram,Kharif,Pod Borer,Low
2004,Chikmangaluru,234.0,27.0,Clay loam,52.5,Blackgram,Kharif,Pod Borer,Low
2004,Chikmangaluru,234.0,27.0,Clay loam,56.0,Blackgram,Kharif,Pod Borer,Low
2004,Chikmangaluru,234.0,27.2,Clay loam,59.5,Blackgram,Kharif,Pod Borer,Low
2004,Chikmangaluru,3105.0,27.2,Clay loam,55.0,Blackgram,Kharif,Pod Borer,High
2004,Chikmangaluru,3105.0,27.2,Clay loam,53.0,Cashew,Kharif,Tea Mosquito Bug,High
2004,Chikmangaluru,3105.0,27.0,Clay loam,53.5,Cashew,Kharif,Tea Mosquito Bug,High
2004,Chikmangaluru,236.0,27.0,Clay loam,52.5,Cashew,Kharif,Tea Mosquito Bug,Low
2004,Chikmangaluru,236.0,27.0,Clay loam,56.0,Cashew,Kharif,Tea Mosquito Bug,Low
2004,Chikmangaluru,2903.1,27.0,Clay loam,57.0,Cashew,Rabi,Tea Mosquito Bug,Medium
2004,Chikmangaluru,2903.1,27.0,Clay loam,57.5,Cashew,Rabi,Tea Mosquito Bug,Medium
2004,Chikmangaluru,2903.1,27.0,Clay loam,57.0,Cashew,Rabi,Tea Mosquito Bug,Medium
2004,Chikmangaluru,2996.6,27.2,Clay loam,55.0,Cotton,Rabi,Bollworm,Medium
2004,Chikmangaluru,2996.6,27.2,Clay loam,56.0,Cotton,Rabi,Bollworm,Medium
2004,Chikmangaluru,2996.6,27.2,Clay loam,54.0,Cotton,Rabi,Bollworm,Medium
2004,Chikmangaluru,3522.8,27.1,Alluvial,58.0,Cotton,Rabi,Bollworm,High
2004,Chikmangaluru,3522.8,27.1,Alluvial,58.0,Cashew,Rabi,Tea Mosquito Bug,High
2004,Chikmangaluru,3522.8,27.1,Alluvial,59.0,Cashew,Rabi,Tea Mosquito Bug,High
2004,Chikmangaluru,3729.8,26.8,Alluvial,50.0,Cashew,Rabi,Tea Mosquito Bug,High
2004,Chikmangaluru,3729.8,26.8,Alluvial,54.0,Cashew,Rabi,Tea Mosquito Bug,High
2004,Chikmangaluru,3729.8,26.8,Alluvial,53.0,Coconut,Rabi,Red Palm Weevil,High
2004,Chikmangaluru,2746.2,37.0,Alluvial,59.5,Coconut,Rabi,Red Palm Weevil,Medium
2004,Chikmangaluru,2746.2,37.0,Alluvial,55.0,Coconut,Rabi,Red Palm Weevil,Medium
2004,Chikmangaluru,2746.2,37.0,Alluvial,53.0,Coconut,Rabi,Red Palm Weevil,Medium
2004,Chikmangaluru,3360.0,38.0,Alluvial,53.5,Coconut,Rabi,Red Palm Weevil,High
2004,Chikmangaluru,3360.0,38.0,Alluvial,52.5,Coconut,Rabi,Red Palm Weevil,High
2004,Chikmangaluru,3360.0,38.0,Alluvial,56.0,Coconut,Rabi,Red Palm Weevil,High
2004,Chikmangaluru,3605.4,39.0,Alluvial,57.0,Coconut,Rabi,Red Palm Weevil,High
2004,Chikmangaluru,3605.4,39.0,Alluvial,57.5,Coconut,Rabi,Red Palm Weevil,High
2004,Chikmangaluru,3605.4,39.0,Alluvial,57.0,Coconut,Rabi,Red Palm Weevil,High
2004,Chikmangaluru,3512.4,40.0,Alluvial,55.0,Coconut,Rabi,Red Palm Weevil,High
2004,Chikmangaluru,3512.4,40.0,Alluvial,56.0,Coconut,Rabi,Red Palm Weevil,High
2004,Chikmangaluru,3512.4,27.0,Alluvial,54.0,Coconut,Rabi,Red Palm Weevil,High
2004,Chikmangaluru,3296.0,27.0,Alluvial,58.0,Coconut,Rabi,Red Palm Weevil,High
2004,Chikmangaluru,3296.0,27.0,Alluvial,58.0,Coconut,Rabi,Red Palm Weevil,High
2004,Chikmangaluru,3296.0,27.0,Alluvial,59.0,Coconut,Rabi,Red Palm Weevil,High
2004,Chikmangaluru,3550.0,27.0,Alluvial,50.0,Ginger,Rabi,Shoot Borer,High
2004,Chikmangaluru,3550.0,27.0,Alluvial,54.0,Ginger,Rabi,Shoot Borer,High
2004,Chikmangaluru,3550.0,27.2,Alluvial,53.0,Ginger,Rabi,Shoot Borer,High
2004,Chikmangaluru,3654.0,27.2,Alluvial,59.5,Ginger,Rabi,Shoot Borer,High
2004,Chikmangaluru,3654.0,27.2,Alluvial,55.0,Ginger,Rabi,Shoot Borer,High
2004,Chikmangaluru,3654.0,27.0,Alluvial,53.0,Ginger,Rabi,Shoot Borer,High
2004,Chikmangaluru,233.0,27.0,Alluvial,53.5,Cotton,Rabi,Bollworm,Low
2004,Chikmangaluru,233.0,27.0,Alluvial,52.5,Cotton,Rabi,Bollworm,Low
2004,Chikmangaluru,233.0,27.0,Alluvial,56.0,Cotton,Rabi,Bollworm,Low
2004,Hassan,234.0,27.0,Alluvial,57.0,Cotton,Rabi,Bollworm,Low
2004,Hassan,234.0,27.0,Alluvial,57.5,Ginger,Rabi,Shoot Borer,Low
2004,Hassan,234.0,27.2,Alluvial,57.0,Ginger,Rabi,Shoot Borer,Low
2004,Hassan,3105.0,27.2,Alluvial,55.0,Ginger,Rabi,Shoot Borer,High
2004,Hassan,3105.0,27.2,Alluvial,56.0,Ginger,Rabi,Shoot Borer,High
2004,Hassan,3105.0,27.1,Alluvial,54.0,Ginger,Rabi,Shoot Borer,High
2004,Hassan,236.0,27.1,Alluvial,57.0,Coconut,Rabi,Red Palm Weevil,Low
2004,Hassan,2903.1,27.1,Alluvial,57.5,Coconut,Rabi,Red Palm Weevil,Medium
2004,Hassan,2903.1,26.8,Alluvial,57.0,Coconut,Rabi,Red Palm Weevil,Medium
2004,Hassan,2903.1,26.8,Alluvial,55.0,Coconut,Rabi,Red Palm Weevil,Medium
2004,Hassan,2996.6,26.8,Alluvial,56.0,Coconut,Rabi,Red Palm Weevil,Medium
2004,Hassan,2996.6,37.0,Alluvial,54.0,Coconut,Rabi,Red Palm Weevil,Medium
2004,Hassan,2996.6,37.0,Alluvial,58.0,Coconut,Rabi,Red Palm Weevil,Medium
2004,Hassan,3522.8,37.0,Alluvial,58.0,Coconut,Rabi,Red Palm Weevil,High
2004,Hassan,3522.8,38.0,Alluvial,59.0,Coconut,Rabi,Red Palm Weevil,High
2004,Hassan,3522.8,38.0,Alluvial,50.0,Coconut,Rabi,Red Palm Weevil,High
2004,Hassan,3729.8,38.0,Alluvial,54.0,Coconut,Rabi,Red Palm Weevil,High
2004,Hassan,3729.8,39.0,Alluvial,53.0,Coconut,Rabi,Red Palm Weevil,High
2004,Hassan,3729.8,39.0,Alluvial,52.0,Coconut,Rabi,Red Palm Weevil,High
2004,Hassan,2746.2,39.0,Alluvial,51.0,Coconut,Rabi,Red Palm Weevil,Medium
2004,Hassan,2746.2,40.0,Sandy loam ,57.0,Coconut,Rabi,Red Palm Weevil,Medium
2004,Hassan,2746.2,40.0,Sandy loam ,57.0,Coconut,Rabi,Red Palm Weevil,Medium
2004,Hassan,3360.0,40.0,Sandy loam ,60.0,Coconut,Rabi,Red Palm Weevil,High
2004,Hassan,3360.0,41.0,Sandy loam ,57.0,Coconut,Rabi,Red Palm Weevil,High
2004,Hassan,3360.0,41.0,Sandy loam ,57.0,Coconut,Rabi,Red Palm Weevil,High
2004,Hassan,3605.4,41.0,Sandy loam ,54.0,Coconut,Rabi,Red Palm Weevil,High
2004,Hassan,3605.4,42.0,Sandy loam ,54.5,Coconut,Rabi,Red Palm Weevil,High
2013,Hassan,3605.4,42.0,Sandy loam ,56.6,Coconut,Rabi,Red Palm Weevil,High
2014,Hassan,3512.4,42.0,Sandy loam ,55.5,Coconut,Rabi,Red Palm Weevil,High
2015,Hassan,3512.4,43.0,Sandy loam ,58.5,Coconut,Rabi,Red Palm Weevil,High
2016,Hassan,3512.4,43.0,Sandy loam ,59.5,Coconut,Rabi,Red Palm Weevil,High
2017,Hassan,3296.0,27.0,Sandy loam ,55.0,Coconut,Rabi,Red Palm Weevil,High
2018,Hassan,3296.0,27.0,Sandy loam ,53.0,Coconut,Rabi,Red Palm Weevil,High
2004,Hassan,3296.0,27.0,Sandy loam ,53.5,Coconut,Rabi,Red Palm Weevil,High
2005,Hassan,3550.0,27.0,Sandy loam ,52.5,Coconut,Rabi,Red Palm Weevil,High
2006,Hassan,3550.0,27.0,Sandy loam ,56.0,Coconut,Rabi,Red Palm Weevil,High
2007,Hassan,3550.0,27.0,Sandy loam ,57.0,Coconut,Rabi,Red Palm Weevil,High
2008,Hassan,3654.0,27.2,Sandy loam ,57.5,Coconut,Rabi,Red Palm Weevil,High
2009,Hassan,3654.0,27.2,Sandy loam ,57.0,Coconut,Rabi,Red Palm Weevil,High
2010,Hassan,3654.0,27.2,Sandy loam ,55.0,Coconut,Rabi,Red Palm Weevil,High
2011,Hassan,233.0,27.0,Sandy loam ,56.0,Coconut,Rabi,Red Palm Weevil,Low
2012,Hassan,233.0,27.0,Sandy loam ,54.0,Coconut,Rabi,Red Palm Weevil,Low
2013,Hassan,233.0,27.0,Sandy loam ,58.0,Coconut,Rabi,Red Palm Weevil,Low
2014,Hassan,234.0,27.0,Sandy loam ,58.0,Coconut,Rabi,Red Palm Weevil,Low
2015,Hassan,234.0,27.0,Sandy loam ,59.0,Coconut,Rabi,Red Palm Weevil,Low
2016,Hassan,234.0,27.0,Sandy loam ,50.0,Coconut,Rabi,Red Palm Weevil,Low
2017,Hassan,3105.0,27.2,Sandy loam ,54.0,Coconut,Rabi,Red Palm Weevil,High
2018,Hassan,3105.0,27.2,Sandy loam ,53.0,Coconut,Rabi,Red Palm Weevil,High
2004,Hassan,3105.0,27.2,Sandy loam ,52.0,Coconut,Rabi,Red Palm Weevil,High
2005,Hassan,236.0,27.1,Sandy loam ,51.0,Coconut,Rabi,Red Palm Weevil,Low
2006,Hassan,236.0,27.1,Sandy loam ,57.0,Coconut,Rabi,Red Palm Weevil,Low
2007,Hassan,321.0,27.1,Sandy loam ,57.0,Coconut,Rabi,Red Palm Weevil,Low
2008,Hassan,3654.0,26.8,Sandy loam ,60.0,Coconut,Rabi,Red Palm Weevil,High
2009,Hassan,323.0,26.8,Sandy loam ,57.0,Coconut,Rabi,Red Palm Weevil,Low
2010,Hassan,324.0,26.8,Sandy loam ,57.0,Coconut,Rabi,Red Palm Weevil,Low
2011,Hassan,3105.0,37.0,Sandy loam ,54.0,Coconut,Rabi,Red Palm Weevil,High
2012,Hassan,326.0,37.0,Sandy loam ,54.5,Coconut,Rabi,Red Palm Weevil,Low
2013,Hassan,327.0,37.0,Sandy loam ,56.6,Coconut,Rabi,Red Palm Weevil,Low
2014,Hassan,328.0,38.0,Sandy loam ,55.5,Coconut,Rabi,Red Palm Weevil,Low
2015,Hassan,2903.1,38.0,Sandy loam ,58.5,Coconut,Rabi,Red Palm Weevil,Medium
2016,Hassan,2903.1,38.0,Sandy loam ,59.5,Coconut,Rabi,Red Palm Weevil,Medium
2017,Hassan,2903.1,39.0,Sandy loam ,55.0,Coconut,Rabi,Red Palm Weevil,Medium
2018,Hassan,2996.6,39.0,Sandy loam ,53.0,Coconut,Rabi,Red Palm Weevil,Medium
2004,Hassan,2996.6,39.0,Sandy loam ,53.5,Coconut,Rabi,Red Palm Weevil,Medium
2005,Hassan,2996.6,40.0,Sandy loam ,52.5,Coconut,Rabi,Red Palm Weevil,Medium
2006,Hassan,3522.8,40.0,Sandy loam ,56.0,Coconut,Rabi,Red Palm Weevil,High
2007,Hassan,3522.8,40.0,Sandy loam ,57.0,Coconut,Rabi,Red Palm Weevil,High
2008,Hassan,3522.8,41.0,Sandy loam ,57.5,Coconut,Rabi,Red Palm Weevil,High
2009,Hassan,3729.8,41.0,Sandy loam ,57.0,Coconut,Rabi,Red Palm Weevil,High
2010,Hassan,3729.8,41.0,Sandy loam ,55.0,Coconut,Rabi,Red Palm Weevil,High
2011,Hassan,3729.8,42.0,River basins,56.0,Coconut,Rabi,Red Palm Weevil,High
2012,Hassan,2746.2,42.0,River basins,54.0,Coconut,Rabi,Red Palm Weevil,Medium
2013,Hassan,2746.2,42.0,River basins,58.0,Coconut,Rabi,Red Palm Weevil,Medium
2014,Hassan,2746.2,43.0,River basins,58.0,Coconut,Rabi,Red Palm Weevil,Medium
2015,Hassan,3360.0,27.0,River basins,59.0,Coconut,Rabi,Red Palm Weevil,High
2016,Hassan,3360.0,27.0,River basins,50.0,Coconut,Rabi,Red Palm Weevil,High
2017,Hassan,3360.0,27.0,River basins,54.0,Coconut,Rabi,Red Palm Weevil,High
2018,Hassan,3605.4,27.0,River basins,53.0,Coconut,Rabi,Red Palm Weevil,High
2004,Hassan,3605.4,27.0,River basins,52.0,Coconut,Rabi,Red Palm Weevil,High
2005,Hassan,3605.4,27.0,River basins,51.0,Coconut,Rabi,Red Palm Weevil,High
2006,Hassan,3512.4,27.2,River basins,57.0,Coconut,Rabi,Red Palm Weevil,High
2007,Hassan,3512.4,27.2,River basins,57.0,Coconut,Rabi,Red Palm Weevil,High
2008,Hassan,3512.4,27.2,River basins,60.0,Coconut,Rabi,Red Palm Weevil,High
2009,Hassan,3296.0,27.0,River basins,57.0,Coconut,Rabi,Red Palm Weevil,High
2010,Hassan,3296.0,27.0,River basins,57.0,Coconut,Rabi,Red Palm Weevil,High
2011,Hassan,3296.0,27.0,River basins,54.0,Coconut,Rabi,Red Palm Weevil,High
2012,Hassan,3550.0,27.0,River basins,54.5,Coconut,Rabi,Red Palm Weevil,High
2013,Hassan,3550.0,27.0,River basins,56.6,Coconut,Rabi,Red Palm Weevil,High
2014,Hassan,3550.0,27.0,River basins,55.5,Coconut,Rabi,Red Palm Weevil,High
2015,Hassan,3654.0,27.2,River basins,58.5,Coconut,Rabi,Red Palm Weevil,High
2016,Hassan,3654.0,27.2,River basins,59.5,Coconut,Rabi,Red Palm Weevil,High
2017,Hassan,3654.0,27.2,River basins,55.0,Coconut,Rabi,Red Palm Weevil,High
2018,Hassan,233.0,27.1,River basins,53.0,Coconut,Rabi,Red Palm Weevil,Low
2004,Hassan,233.0,27.1,River basins,53.5,Coconut,Rabi,Red Palm Weevil,Low
2005,Hassan,233.0,27.1,River basins,52.5,Coconut,Rabi,Red Palm Weevil,Low
2006,Hassan,234.0,26.8,River basins,56.0,Coconut,Rabi,Red Palm Weevil,Low
2007,Hassan,234.0,26.8,River basins,57.0,Coconut,Rabi,Red Palm Weevil,Low
2008,Hassan,234.0,26.8,River basins,57.5,Coconut,Rabi,Red Palm Weevil,Low
2009,Hassan,3105.0,37.0,River basins,57.0,Coconut,Rabi,Red Palm Weevil,High
2010,Hassan,3105.0,37.0,River basins,55.0,Coconut,Rabi,Red Palm Weevil,High
2011,Hassan,3105.0,37.0,Alluvial,56.0,Coconut,Rabi,Red Palm Weevil,High
2012,Hassan,236.0,38.0,Alluvial,54.0,Coconut,Rabi,Red Palm Weevil,Low
2013,Hassan,236.0,38.0,Alluvial,58.0,Coconut,Rabi,Red Palm Weevil,Low
2014,Hassan,2903.1,38.0,Alluvial,58.0,Coconut,Rabi,Red Palm Weevil,Medium
2015,Hassan,2903.1,39.0,Alluvial,59.0,Coconut,Rabi,Red Palm Weevil,Medium
2016,Mangalore,2903.1,39.0,Alluvial,50.0,Coconut,Rabi,Red Palm Weevil,Medium
2017,Mangalore,2996.6,39.0,Alluvial,54.0,Coconut,Rabi,Red Palm Weevil,Medium
2018,Mangalore,2996.6,40.0,Alluvial,53.0,Coconut,Rabi,Red Palm Weevil,Medium
2004,Mangalore,2996.6,40.0,Alluvial,52.0,Coconut,Rabi,Red Palm Weevil,Medium
2005,Mangalore,3522.8,40.0,Alluvial,51.0,Coconut,Rabi,Red Palm Weevil,High
2006,Mangalore,3522.8,41.0,Alluvial,57.0,Coconut,Rabi,Red Palm Weevil,High
2007,Mangalore,3522.8,41.0,Alluvial,57.0,Coconut,Rabi,Red Palm Weevil,High
2008,Mangalore,2903.1,41.0,Alluvial,60.0,Coconut,Rabi,Red Palm Weevil,Medium
2009,Mangalore,2903.1,42.0,Alluvial,57.0,Coconut,Rabi,Red Palm Weevil,Medium
2010,Mangalore,2903.1,42.0,Alluvial,57.0,Coconut,Rabi,Red Palm Weevil,Medium
2011,Mangalore,2996.6,42.0,Alluvial,54.0,Coconut,Rabi,Red Palm Weevil,Medium
2012,Mangalore,2996.6,43.0,Alluvial,54.5,Coconut,Rabi,Red Palm Weevil,Medium
2013,Mangalore,2996.6,43.0,Alluvial,56.6,Coconut,Rabi,Red Palm Weevil,Medium
2014,Mangalore,3522.8,128.0,Alluvial,55.5,Coconut,Rabi,Red Palm Weevil,High
2015,Mangalore,3522.8,129.0,Alluvial,58.5,Coconut,Rabi,Red Palm Weevil,High
2016,Mangalore,3522.8,130.0,Alluvial,59.5,Coconut,Rabi,Red Palm Weevil,High
2017,Mangalore,3729.8,131.0,Alluvial,55.0,Coconut,Rabi,Red Palm Weevil,High
2018,Mangalore,3729.8,132.0,Alluvial,53.0,Coconut,Rabi,Red Palm Weevil,High
2004,Mangalore,3729.8,133.0,Alluvial,53.5,Coconut,Rabi,Red Palm Weevil,High
2005,Mangalore,2746.2,134.0,Alluvial,52.5,Coconut,Rabi,Red Palm Weevil,Medium
2006,Mangalore,2746.2,135.0,Alluvial,56.0,Coconut,Rabi,Red Palm Weevil,Medium
2007,Mangalore,2746.2,136.0,Alluvial,57.0,Coconut,Rabi,Red Palm Weevil,Medium
2008,Mangalore,3360.0,137.0,Alluvial,57.5,Coconut,Rabi,Red Palm Weevil,High
2009,Mangalore,3360.0,138.0,Alluvial,57.0,Coconut,Rabi,Red Palm Weevil,High
2010,Mangalore,3360.0,139.0,Alluvial,55.0,Coconut,Rabi,Red Palm Weevil,High
2011,Mangalore,3605.4,140.0,Loam,56.0,Coconut,Rabi,Red Palm Weevil,High
2012,Mangalore,3605.4,141.0,Loam,54.0,Coconut,Rabi,Red Palm Weevil,High
2013,Mangalore,3605.4,142.0,Loam,58.0,Coconut,Rabi,Red Palm Weevil,High
2014,Mangalore,3512.4,143.0,Loam,58.0,Coconut,Rabi,Red Palm Weevil,High
2015,Mangalore,3512.4,144.0,Loam,59.0,Coconut,Rabi,Red Palm Weevil,High
2016,Mangalore,3512.4,27.0,Loam,50.0,Coconut,Rabi,Red Palm Weevil,High
2017,Mangalore,3296.0,27.0,Loam,54.0,Coconut,Rabi,Red Palm Weevil,High
2018,Mangalore,3296.0,27.0,Loam,53.0,Cocoa,Rabi,Cocoa Pod Borer,High
2004,Mangalore,3296.0,27.0,Loam,52.0,Cocoa,Rabi,Cocoa Pod Borer,High
2005,Mangalore,3550.0,27.0,Loam,51.0,Cocoa,Rabi,Cocoa Pod Borer,High
2006,Mangalore,3550.0,27.0,Loam,57.0,Cocoa,Rabi,Cocoa Pod Borer,High
2007,Mangalore,3550.0,27.2,Loam,57.0,Cocoa,Rabi,Cocoa Pod Borer,High
2008,Mangalore,3654.0,27.2,Loam,60.0,Cocoa,Rabi,Cocoa Pod Borer,High
2009,Mangalore,3654.0,27.2,Loam,57.0,Coffee,Rabi,Coffee Berry Borer,High
2010,Mangalore,3654.0,27.0,Loam,57.0,Coffee,Rabi,Coffee Berry Borer,High
2011,Mangalore,233.0,27.0,Loam,54.0,Coffee,Rabi,Coffee Berry Borer,Low
2012,Mangalore,233.0,27.0,Loam,54.5,Coffee,Rabi,Coffee Berry Borer,Low
2013,Mangalore,233.0,27.0,Loam,56.6,Coffee,Rabi,Coffee Berry Borer,Low
2014,Mangalore,234.0,27.0,Loam,55.5,Coffee,Rabi,Coffee Berry Borer,Low
2015,Mangalore,234.0,27.0,Loam,58.5,Coffee,Rabi,Coffee Berry Borer,Low
2016,Mangalore,234.0,27.2,Loam,59.5,Coffee,Rabi,Coffee Berry Borer,Low
2017,Mangalore,3105.0,27.2,Loam,55.0,Coffee,Rabi,Coffee Berry Borer,High
2018,Mangalore,3105.0,27.2,Loam,53.0,Coffee,Rabi,Coffee Berry Borer,High
2004,Mangalore,3105.0,27.1,Loam,53.5,Coffee,Rabi,Coffee Berry Borer,High
2005,Mangalore,236.0,27.1,Loam,52.5,Coffee,Rabi,Coffee Berry Borer,Low
2006,Mangalore,236.0,27.1,Loam,56.0,Coffee,Rabi,Coffee Berry Borer,Low
2007,Mangalore,2903.1,26.8,Loam,57.0,Coffee,Rabi,Coffee Berry Borer,Medium
2008,Mangalore,2903.1,26.8,Loam,57.5,Coffee,Rabi,Coffee Berry Borer,Medium
2009,Mangalore,2903.1,26.8,Loam,57.0,Cardamum,Rabi,Thrips,Medium
2010,Mangalore,2996.6,37.0,Sandy loam ,55.0,Cardamum,Rabi,Thrips,Medium
2011,Mangalore,2996.6,37.0,Sandy loam ,56.0,Cardamum,Rabi,Thrips,Medium
2012,Mangalore,2996.6,37.0,Sandy loam ,54.0,Cardamum,Rabi,Thrips,Medium
2013,Mangalore,3522.8,38.0,Sandy loam ,58.0,Cardamum,Rabi,Thrips,High
2014,Mangalore,3522.8,38.0,Sandy loam ,58.0,Cardamum,Rabi,Thrips,High
2015,Mangalore,3522.8,38.0,Clay loam,59.0,Cardamum,Rabi,Thrips,High
2016,Mangalore,2903.1,39.0,Clay loam,50.0,Cardamum,Rabi,Thrips,Medium
2017,Mangalore,2903.1,39.0,Clay loam,54.0,Cardamum,Rabi,Thrips,Medium
2018,Mangalore,2903.1,39.0,Clay loam,53.0,Cardamum,Rabi,Thrips,Medium
2004,Mangalore,2996.6,40.0,Clay loam,52.0,Cardamum,Rabi,Thrips,Medium
2005,Mangalore,2996.6,40.0,Clay loam,51.0,Cardamum,Rabi,Thrips,Medium
2006,Mangalore,2996.6,40.0,Laterite,57.0,Cardamum,Rabi,Thrips,Medium
2007,Mangalore,3522.8,41.0,Laterite,57.0,Cardamum,Rabi,Thrips,High
2008,Mangalore,3522.8,41.0,Laterite,60.0,Cardamum,Rabi,Thrips,High
2009,Mangalore,3522.8,41.0,Laterite,57.0,Pepper,Rabi,Pollu Beetle,High
2010,Mangalore,3729.8,42.0,Laterite,57.0,Pepper,Rabi,Pollu Beetle,High
2011,Mangalore,3729.8,42.0,Laterite,54.0,Pepper,Rabi,Pollu Beetle,High
2012,Mangalore,3729.8,42.0,Laterite,54.5,Pepper,Rabi,Pollu Beetle,High
2013,Mangalore,2746.2,43.0,Laterite,56.6,Pepper,Rabi,Pollu Beetle,Medium
2014,Mangalore,2746.2,43.0,Laterite,55.5,Pepper,Rabi,Pollu Beetle,Medium
2015,Mangalore,2746.2,27.0,Laterite,58.5,Pepper,Rabi,Pollu Beetle,Medium
2016,Mangalore,3360.0,27.0,Laterite,59.5,Pepper,Rabi,Pollu Beetle,High
2017,Mangalore,3360.0,27.0,Laterite,55.0,Pepper,Rabi,Pollu Beetle,High
2018,Mangalore,3360.0,27.0,Laterite,53.0,Pepper,Rabi,Pollu Beetle,High
2004,Mangalore,3605.4,27.0,Laterite,53.5,Pepper,Rabi,Pollu Beetle,High
2005,Mangalore,3605.4,27.0,Laterite,52.5,Pepper,Rabi,Pollu Beetle,High
2006,Mangalore,3605.4,27.2,Laterite,56.0,Pepper,Rabi,Pollu Beetle,High
2007,Mangalore,3512.4,27.2,Laterite,57.0,Pepper,Rabi,Pollu Beetle,High
2008,Mangalore,3512.4,27.2,Laterite,57.5,Pepper,Rabi,Pollu Beetle,High
2009,Kodagu,3512.4,27.0,Laterite,57.0,Arecanut,Rabi,Spindle Bug,High
2010,Kodagu,3296.0,27.0,Laterite,55.0,Arecanut,Rabi,Spindle Bug,High
2011,Kodagu,3296.0,27.0,Laterite,56.0,Arecanut,Rabi,Spindle Bug,High
2012,Kodagu,3296.0,27.0,Laterite,54.0,Arecanut,Rabi,Spindle Bug,High
2013,Kodagu,3550.0,27.0,Laterite,58.0,Arecanut,Rabi,Spindle Bug,High
2014,Kodagu,3550.0,27.0,Laterite,58.0,Arecanut,Rabi,Spindle Bug,High
2015,Kodagu,3550.0,27.2,Laterite,59.0,Arecanut,Rabi,Spindle Bug,High
2016,Kodagu,3654.0,27.2,Laterite,50.0,Arecanut,Rabi,Spindle Bug,High
2017,Kodagu,3654.0,27.2,Laterite,54.0,Arecanut,Rabi,Spindle Bug,High
2018,Kodagu,3654.0,27.1,Laterite,53.0,Arecanut,Rabi,Spindle Bug,High
2019,Kodagu,233.0,27.1,Laterite,52.0,Arecanut,Rabi,Spindle Bug,Low
2004,Kodagu,233.0,27.1,Laterite,51.0,Arecanut,Rabi,Spindle Bug,Low
2005,Kodagu,233.0,26.8,Laterite,57.0,Arecanut,Rabi,Spindle Bug,Low
2006,Kodagu,234.0,26.8,Laterite,57.0,Arecanut,Rabi,Spindle Bug,Low
2007,Kodagu,234.0,26.8,Laterite,60.0,Arecanut,Rabi,Spindle Bug,Low
2008,Kodagu,234.0,37.0,Laterite,57.0,Ginger,Rabi,Shoot Borer,Low
2009,Kodagu,3105.0,37.0,Laterite,57.0,Ginger,Rabi,Shoot Borer,High
2010,Kodagu,3105.0,37.0,Laterite,54.0,Ginger,Rabi,Shoot Borer,High
2011,Kodagu,3105.0,38.0,Laterite,54.5,Ginger,Rabi,Shoot Borer,High
2012,Kodagu,236.0,38.0,Laterite,56.6,Ginger,Rabi,Shoot Borer,Low
2013,Mysuru,236.0,38.0,Laterite,55.5,Ginger,Rabi,Shoot Borer,Low
2014,Mysuru,2903.1,39.0,Laterite,58.5,Ginger,Rabi,Shoot Borer,Medium
2015,Mysuru,2903.1,39.0,Laterite,59.5,Ginger,Rabi,Shoot Borer,Medium
2016,Mysuru,2903.1,39.0,Laterite,55.0,Ginger,Rabi,Shoot Borer,Medium
2017,Mysuru,2996.6,40.0,Laterite,53.0,Ginger,Rabi,Shoot Borer,Medium
2018,Mysuru,2996.6,40.0,Laterite,53.5,Ginger,Rabi,Shoot Borer,Medium
2012,Mysuru,2996.6,40.0,Laterite,52.5,Ginger,Rabi,Shoot Borer,Medium
2013,Mysuru,3522.8,41.0,Laterite,56.0,Ginger,Rabi,Shoot Borer,High
2014,Mysuru,3522.8,41.0,Laterite,57.0,Ginger,Rabi,Shoot Borer,High
2015,Mysuru,3522.8,41.0,Laterite,57.5,Ginger,Rabi,Shoot Borer,High
2016,Mysuru,2903.1,42.0,Laterite,57.0,Tea,Rabi,Tea Mosquito Bug,Medium
2017,Mysuru,2903.1,42.0,Sandy loam ,55.0,Tea,Rabi,Tea Mosquito Bug,Medium
2018,Mysuru,2903.1,42.0,Sandy loam ,56.0,Tea,Rabi,Tea Mosquito Bug,Medium
2019,Mysuru,2996.6,43.0,Sandy loam ,54.0,Tea,Rabi,Tea Mosquito Bug,Medium
2004,Mysuru,2996.6,27.0,Sandy loam ,58.0,Tea,Rabi,Tea Mosquito Bug,Medium
2005,Mysuru,2996.6,27.0,Sandy loam ,58.0,Tea,Rabi,Tea Mosquito Bug,Medium
2006,Mysuru,3522.8,27.0,Sandy loam ,59.0,Tea,Rabi,Tea Mosquito Bug,High
2007,Mysuru,3522.8,27.0,Sandy loam ,50.0,Tea,Rabi,Tea Mosquito Bug,High
2008,Mysuru,3522.8,27.0,Sandy loam ,54.0,Tea,Rabi,Tea Mosquito Bug,High
2009,Kasaragodu,3729.8,27.0,Sandy loam ,53.0,Tea,Rabi,Tea Mosquito Bug,High
2010,Kasaragodu,3729.8,27.2,Sandy loam ,52.0,Tea,Rabi,Tea Mosquito Bug,High
2011,Kasaragodu,3729.8,27.2,Sandy loam ,51.0,Tea,Rabi,Tea Mosquito Bug,High
2012,Kasaragodu,2746.2,27.2,Sandy loam ,57.0,Tea,Rabi,Tea Mosquito Bug,Medium
2013,Kasaragodu,2746.2,27.0,Sandy loam ,57.0,Tea,Rabi,Tea Mosquito Bug,Medium
2014,Kasaragodu,2746.2,27.0,Sandy loam ,60.0,Tea,Rabi,Tea Mosquito Bug,Medium
2015,Kasaragodu,3360.0,27.0,Sandy loam ,57.0,Paddy,Rabi,Stem Borer,High
2016,Kasaragodu,3360.0,27.0,Sandy loam ,57.0,Paddy,Rabi,Stem Borer,High
2017,Kasaragodu,3360.0,27.0,Sandy loam ,54.0,Paddy,Rabi,Stem Borer,High
2018,Kasaragodu,3605.4,27.0,Sandy loam ,54.5,Paddy,Rabi,Stem Borer,High
2011,Kasaragodu,3605.4,27.2,Sandy loam ,56.6,Paddy,Rabi,Stem Borer,High
2012,Kasaragodu,2903.1,27.2,Sandy loam ,55.5,Paddy,Rabi,Stem Borer,Medium
2013,Kasaragodu,2903.1,27.2,Sandy loam ,58.5,Paddy,Rabi,Stem Borer,Medium
2014,Kasaragodu,2903.1,27.1,Sandy loam ,59.5,Paddy,Rabi,Stem Borer,Medium
2015,Kasaragodu,2996.6,27.1,Sandy loam ,55.0,Paddy,Rabi,Stem Borer,Medium
2016,Kasaragodu,2996.6,27.1,Sandy loam ,53.0,Paddy,Rabi,Stem Borer,Medium
2017,Kasaragodu,2996.6,26.8,Sandy loam ,53.5,Paddy,Rabi,Stem Borer,Medium
2018,Kasaragodu,3522.8,26.8,Sandy loam ,52.5,Paddy,Rabi,Stem Borer,High
2004,Kasaragodu,3522.8,26.8,Sandy loam ,56.0,Paddy,Rabi,Stem Borer,High
2005,Kasaragodu,3522.8,37.0,Sandy loam ,57.0,Paddy,Rabi,Stem Borer,High
2006,Kasaragodu,3729.8,37.0,Sandy loam ,57.5,Paddy,Rabi,Stem Borer,High
2007,Kasaragodu,2903.1,37.0,Sandy loam ,57.0,Groundnut,Rabi,Leaf Miner,Medium
2008,Kasaragodu,2903.1,38.0,Sandy loam ,55.0,Groundnut,Rabi,Leaf Miner,Medium
2009,Kasaragodu,2903.1,38.0,Sandy loam ,56.0,Groundnut,Rabi,Leaf Miner,Medium
2010,Kasaragodu,2996.6,38.0,Sandy loam ,54.0,Groundnut,Rabi,Leaf Miner,Medium
2011,Kasaragodu,2996.6,39.0,Sandy loam ,58.0,Groundnut,Rabi,Leaf Miner,Medium
2012,Kasaragodu,2996.6,39.0,Sandy loam ,58.0,Groundnut,Rabi,Leaf Miner,Medium
2013,Kasaragodu,3522.8,39.0,Sandy loam ,59.0,Groundnut,Rabi,Leaf Miner,High
2014,Kasaragodu,3522.8,40.0,Sandy loam ,50.0,Groundnut,Rabi,Leaf Miner,High
2015,Kasaragodu,3522.8,40.0,Sandy loam ,54.0,Groundnut,Rabi,Leaf Miner,High
2016,Kasaragodu,3729.8,40.0,Sandy loam ,53.0,Groundnut,Rabi,Leaf Miner,High
2017,Kasaragodu,3729.8,41.0,Sandy loam ,52.0,Groundnut,Rabi,Leaf Miner,High
2018,Raichur,3729.8,41.0,Sandy loam ,51.0,Groundnut,Rabi,Leaf Miner,High
2004,Raichur,2746.2,41.0,Sandy loam ,57.0,Groundnut,Rabi,Leaf Miner,Medium
2005,Raichur,2746.2,42.0,Sandy loam ,57.0,Groundnut,Rabi,Leaf Miner,Medium
2012,Raichur,2746.2,42.0,Sandy loam ,60.0,Groundnut,Rabi,Leaf Miner,Medium
2013,Raichur,3360.0,42.0,Sandy loam ,57.0,Blackgram,Rabi,Pod Borer,High
2014,Raichur,3360.0,43.0,Sandy loam ,57.0,Blackgram,Rabi,Pod Borer,High
2015,Raichur,3360.0,43.0,Sandy loam ,54.0,Blackgram,Rabi,Pod Borer,High
2016,Raichur,3605.4,128.0,Sandy loam ,54.5,Blackgram,Rabi,Pod Borer,High
2017,Raichur,3605.4,129.0,Sandy loam ,56.6,Blackgram,Rabi,Pod Borer,High
2018,Raichur,3605.4,130.0,Sandy loam ,55.5,Blackgram,Rabi,Pod Borer,High
2004,Raichur,3512.4,131.0,Sandy loam ,58.5,Blackgram,Rabi,Pod Borer,High
2005,Raichur,3512.4,132.0,Black,59.5,Blackgram,Rabi,Pod Borer,High
2006,Raichur,3512.4,133.0,Black,55.0,Blackgram,Rabi,Pod Borer,High
2007,Raichur,3296.0,134.0,Black,53.0,Blackgram,Rabi,Pod Borer,High
2008,Raichur,3296.0,135.0,Black,53.5,Blackgram,Rabi,Pod Borer,High
2009,Raichur,3296.0,136.0,Black,52.5,Blackgram,Rabi,Pod Borer,High
2010,Raichur,3550.0,137.0,Black,56.0,Blackgram,Rabi,Pod Borer,High
2011,Raichur,3550.0,138.0,Black,59.5,Blackgram,Rabi,Pod Borer,High
2012,Raichur,3550.0,139.0,Black,55.0,Blackgram,Rabi,Pod Borer,High
2013,Raichur,3654.0,140.0,Black,53.0,Cashew,Rabi,Tea Mosquito Bug,High
2014,Raichur,3654.0,141.0,Black,53.5,Cashew,Rabi,Tea Mosquito Bug,High
2015,Raichur,3654.0,142.0,Black,52.5,Cashew,Rabi,Tea Mosquito Bug,High
2016,Raichur,233.0,143.0,Black,56.0,Cashew,Rabi,Tea Mosquito Bug,Low
2017,Raichur,233.0,144.0,Black,57.0,Cashew,Rabi,Tea Mosquito Bug,Low
2018,Raichur,233.0,27.0,Black,57.5,Cashew,Rabi,Tea Mosquito Bug,Low
2019,Raichur,234.0,27.0,Black,57.0,Cashew,Rabi,Tea Mosquito Bug,Low
2004,Raichur,234.0,27.0,Black,55.0,Cashew,Rabi,Tea Mosquito Bug,Low
2013,Gulbarga,234.0,27.0,Black,56.0,Cashew,Rabi,Tea Mosquito Bug,Low
2014,Gulbarga,3105.0,27.0,Black,54.0,Cashew,Rabi,Tea Mosquito Bug,High
2015,Gulbarga,3105.0,27.0,Black,58.0,Cashew,Rabi,Tea Mosquito Bug,High
2016,Gulbarga,3105.0,27.2,Black,58.0,Cashew,Rabi,Tea Mosquito Bug,High
2017,Gulbarga,236.0,27.2,Black,59.0,Cashew,Rabi,Tea Mosquito Bug,Low
2018,Gulbarga,236.0,27.2,Black,50.0,Cashew,Rabi,Tea Mosquito Bug,Low
2004,Gulbarga,2903.1,27.0,Black,54.0,Cashew,Rabi,Tea Mosquito Bug,Medium
2005,Gulbarga,2903.1,27.0,Black,53.0,Coconut,Rabi,Red Palm Weevil,Medium
2006,Gulbarga,2903.1,27.0,Black,59.5,Coconut,Rabi,Red Palm Weevil,Medium
2007,Gulbarga,2996.6,27.0,Red,55.0,Coconut,Rabi,Red Palm Weevil,Medium
2008,Gulbarga,2996.6,27.0,Red,53.0,Coconut,Rabi,Red Palm Weevil,Medium
2009,Gulbarga,2996.6,27.0,Red,53.5,Coconut,Rabi,Red Palm Weevil,Medium
2010,Gulbarga,3522.8,27.2,Red,52.5,Coconut,Rabi,Red Palm Weevil,High
2011,Gulbarga,3522.8,27.2,Red,56.0,Coconut,Rabi,Red Palm Weevil,High
2012,Gulbarga,3522.8,27.2,Red,57.0,Coconut,Rabi,Red Palm Weevil,High
2013,Gulbarga,3729.8,27.1,Red,57.5,Coconut,Rabi,Red Palm Weevil,High
2014,Gulbarga,3729.8,27.1,Red,57.0,Coconut,Rabi,Red Palm Weevil,High
2015,Gulbarga,3729.8,27.1,Red,55.0,Coconut,Rabi,Red Palm Weevil,High
2016,Gulbarga,2746.2,26.8,Red,56.0,Coconut,Rabi,Red Palm Weevil,Medium
2017,Gulbarga,2746.2,26.8,Red,54.0,Coconut,Rabi,Red Palm Weevil,Medium
2018,Gulbarga,2746.2,26.8,Red,58.0,Coconut,Rabi,Red Palm Weevil,Medium
2013,Gulbarga,3360.0,37.0,Red,58.0,Coconut,Rabi,Red Palm Weevil,High
2014,Gulbarga,3360.0,37.0,Red,59.0,Coconut,Rabi,Red Palm Weevil,High
2015,Gulbarga,3360.0,37.0,Red,50.0,Ginger,Rabi,Shoot Borer,High
2016,Gulbarga,3605.4,38.0,Red,54.0,Ginger,Rabi,Shoot Borer,High
2017,Gulbarga,3605.4,38.0,Red,53.0,Ginger,Rabi,Shoot Borer,High
2018,Gulbarga,3605.4,38.0,Red,59.5,Ginger,Rabi,Shoot Borer,High
2004,Gulbarga,3512.4,39.0,Red,55.0,Ginger,Rabi,Shoot Borer,High
2005,Gulbarga,3512.4,39.0,Red,53.0,Ginger,Rabi,Shoot Borer,High
2006,Gulbarga,3512.4,39.0,Red,53.5,Ginger,Rabi,Shoot Borer,High
2007,Gulbarga,3296.0,40.0,Red,52.5,Ginger,Rabi,Shoot Borer,High
2008,Gulbarga,3296.0,40.0,Red,56.0,Ginger,Rabi,Shoot Borer,High
2009,Gulbarga,3296.0,40.0,Red,57.0,Ginger,Rabi,Shoot Borer,High
2010,Gulbarga,3550.0,41.0,Red,57.5,Ginger,Rabi,Shoot Borer,High
2011,Gulbarga,3550.0,41.0,Alluvial,57.0,Ginger,Rabi,Shoot Borer,High
2012,Gulbarga,3550.0,41.0,Alluvial,55.0,Ginger,Rabi,Shoot Borer,High
2013,Gulbarga,3654.0,42.0,Alluvial,56.0,Ginger,Rabi,Shoot Borer,High
2014,Gulbarga,3654.0,42.0,Alluvial,54.0,Ginger,Rabi,Shoot Borer,High
2015,Gulbarga,3654.0,42.0,Alluvial,57.0,Coconut,Rabi,Red Palm Weevil,High
2016,Madikeri,233.0,43.0,Alluvial,57.5,Coconut,Rabi,Red Palm Weevil,Low
2017,Madikeri,233.0,43.0,Alluvial,57.0,Coconut,Rabi,Red Palm Weevil,Low
2018,Madikeri,233.0,27.0,Alluvial,55.0,Coconut,Rabi,Red Palm Weevil,Low
2015,Madikeri,234.0,27.0,Alluvial,56.0,Coconut,Rabi,Red Palm Weevil,Low
2016,Madikeri,234.0,27.0,Alluvial,54.0,Coconut,Rabi,Red Palm Weevil,Low
2017,Madikeri,234.0,27.0,Alluvial,58.0,Coconut,Rabi,Red Palm Weevil,Low
2018,Madikeri,3105.0,27.0,Alluvial,58.0,Coconut,Rabi,Red Palm Weevil,High
2013,Madikeri,3105.0,27.0,Alluvial,59.0,Coconut,Rabi,Red Palm Weevil,High
2014,Madikeri,3105.0,27.2,Alluvial,50.0,Coconut,Rabi,Red Palm Weevil,High
2015,Madikeri,236.0,27.2,Alluvial,54.0,Coconut,Rabi,Red Palm Weevil,Low
2016,Madikeri,2903.1,27.2,Alluvial,53.0,Coconut,Rabi,Red Palm Weevil,Medium
2017,Madikeri,2903.1,27.0,Alluvial,52.0,Coconut,Rabi,Red Palm Weevil,Medium
2018,Madikeri,2903.1,27.0,Alluvial,51.0,Coconut,Rabi,Red Palm Weevil,Medium
2004,Madikeri,2996.6,27.0,Alluvial,57.0,Coconut,Rabi,Red Palm Weevil,Medium
2005,Madikeri,2996.6,27.0,Alluvial,57.0,Coconut,Rabi,Red Palm Weevil,Medium
2006,Madikeri,2996.6,27.0,Alluvial,60.0,Coconut,Rabi,Red Palm Weevil,Medium
2007,Madikeri,3522.8,27.0,Alluvial,57.0,Coconut,Rabi,Red Palm Weevil,High
2008,Madikeri,3522.8,27.2,Alluvial,57.0,Coconut,Rabi,Red Palm Weevil,High
2009,Madikeri,3522.8,27.2,Alluvial,54.0,Coconut,Rabi,Red Palm Weevil,High
2010,Madikeri,3729.8,27.2,Alluvial,54.5,Coconut,Rabi,Red Palm Weevil,High
2011,Madikeri,3729.8,27.1,Arid and Desert,56.6,Coconut,Rabi,Red Palm Weevil,High
2012,Madikeri,3729.8,27.1,Arid and Desert,55.5,Coconut,Rabi,Red Palm Weevil,High
2013,Madikeri,2746.2,27.1,Arid and Desert,58.5,Coconut,Rabi,Red Palm Weevil,Medium
2014,Madikeri,2746.2,26.8,Arid and Desert,59.5,Coconut,Rabi,Red Palm Weevil,Medium
2015,Madikeri,2746.2,26.8,Arid and Desert,55.0,Coconut,Rabi,Red Palm Weevil,Medium
2016,Madikeri,3360.0,26.8,Arid and Desert,53.0,Coconut,Rabi,Red Palm Weevil,High
2017,Madikeri,3360.0,37.0,Arid and Desert,53.5,Coconut,Rabi,Red Palm Weevil,High
2016,Madikeri,3360.0,37.0,Arid and Desert,52.5,Coconut,Rabi,Red Palm Weevil,High
2017,Madikeri,3605.4,37.0,Arid and Desert,56.0,Coconut,Rabi,Red Palm Weevil,High
2018,Madikeri,3605.4,38.0,Arid and Desert,57.0,Coconut,Rabi,Red Palm Weevil,High
2013,Madikeri,3605.4,38.0,Arid and Desert,57.5,Coconut,Rabi,Red Palm Weevil,High
2014,Madikeri,3512.4,38.0,Arid and Desert,57.0,Coconut,Rabi,Red Palm Weevil,High
2015,Madikeri,3512.4,39.0,Arid and Desert,55.0,Coconut,Rabi,Red Palm Weevil,High
2016,Chikmangaluru,3512.4,39.0,Arid and Desert,56.0,Coconut,Rabi,Red Palm Weevil,High
2017,Chikmangaluru,3296.0,39.0,Arid and Desert,54.0,Coconut,Rabi,Red Palm Weevil,High
2018,Chikmangaluru,3296.0,40.0,Arid and Desert,58.0,Coconut,Rabi,Red Palm Weevil,High
2004,Chikmangaluru,3296.0,40.0,Arid and Desert,58.0,Coconut,Rabi,Red Palm Weevil,High
2005,Chikmangaluru,3550.0,40.0,Arid and Desert,59.0,Coconut,Rabi,Red Palm Weevil,High
2006,Chikmangaluru,3550.0,41.0,Arid and Desert,50.0,Coconut,Rabi,Red Palm Weevil,High
2007,Chikmangaluru,3550.0,41.0,Arid and Desert,54.0,Coconut,Rabi,Red Palm Weevil,High
2008,Chikmangaluru,3654.0,41.0,Arid and Desert,53.0,Coconut,Rabi,Red Palm Weevil,High
2009,Chikmangaluru,3654.0,42.0,Arid and Desert,52.0,Coconut,Rabi,Red Palm Weevil,High
2010,Chikmangaluru,3654.0,42.0,Arid and Desert,51.0,Coconut,Rabi,Red Palm Weevil,High
2011,Chikmangaluru,233.0,42.0,Arid and Desert,57.0,Coconut,Rabi,Red Palm Weevil,Low
2012,Chikmangaluru,233.0,43.0,Arid and Desert,57.0,Coconut,Rabi,Red Palm Weevil,Low
2013,Chikmangaluru,233.0,27.0,Black,60.0,Coconut,Rabi,Red Palm Weevil,Low
2014,Chikmangaluru,234.0,27.0,Black,57.0,Coconut,Rabi,Red Palm Weevil,Low
2015,Chikmangaluru,234.0,27.0,Black,57.0,Coconut,Rabi,Red Palm Weevil,Low
2016,Chikmangaluru,234.0,27.0,Black,54.0,Coconut,Rabi,Red Palm Weevil,Low
2017,Chikmangaluru,3105.0,27.0,Black,54.5,Coconut,Rabi,Red Palm Weevil,High
2016,Chikmangaluru,3105.0,27.0,Black,56.6,Coconut,Rabi,Red Palm Weevil,High
2017,Chikmangaluru,3105.0,27.2,Black,55.5,Coconut,Rabi,Red Palm Weevil,High
2016,Chikmangaluru,236.0,27.2,Black,58.5,Coconut,Rabi,Red Palm Weevil,Low
2017,Chikmangaluru,236.0,27.2,Black,59.5,Coconut,Rabi,Red Palm Weevil,Low
2018,Chikmangaluru,321.0,27.0,Black,55.0,Coconut,Rabi,Red Palm Weevil,Low
2013,Chikmangaluru,3654.0,27.0,Black,53.0,Coconut,Rabi,Red Palm Weevil,High
2014,Chikmangaluru,323.0,27.0,Black,53.5,Coconut,Rabi,Red Palm Weevil,Low
2015,Chikmangaluru,324.0,27.0,Black,52.5,Coconut,Rabi,Red Palm Weevil,Low
2016,Chikmangaluru,3105.0,27.0,Black,56.0,Coconut,Rabi,Red Palm Weevil,High
2017,Chikmangaluru,326.0,27.0,Black,57.0,Coconut,Rabi,Red Palm Weevil,Low
2018,Chikmangaluru,327.0,27.2,Black,57.5,Coconut,Rabi,Red Palm Weevil,Low
2004,Chikmangaluru,328.0,27.2,Black,57.0,Coconut,Rabi,Red Palm Weevil,Low
2005,Chikmangaluru,2903.1,27.2,Black,55.0,Coconut,Rabi,Red Palm Weevil,Medium
2006,Chikmangaluru,2903.1,27.1,Black,56.0,Coconut,Rabi,Red Palm Weevil,Medium
2007,Chikmangaluru,2903.1,27.1,Black,54.0,Coconut,Rabi,Red Palm Weevil,Medium
2008,Chikmangaluru,2996.6,27.1,Black,58.0,Coconut,Rabi,Red Palm Weevil,Medium
2009,Chikmangaluru,2996.6,26.8,Black,58.0,Coconut,Rabi,Red Palm Weevil,Medium
2010,Chikmangaluru,2996.6,26.8,Black,59.0,Coconut,Rabi,Red Palm Weevil,Medium
2011,Chikmangaluru,3522.8,26.8,Black,50.0,Coconut,Rabi,Red Palm Weevil,High
2012,Chikmangaluru,3522.8,37.0,Black,54.0,Coconut,Rabi,Red Palm Weevil,High
2013,Chikmangaluru,3522.8,37.0,Red,53.0,Coconut,Rabi,Red Palm Weevil,High
2014,Chikmangaluru,3729.8,37.0,Red,52.0,Coconut,Rabi,Red Palm Weevil,High
2015,Chikmangaluru,3729.8,38.0,Red,51.0,Coconut,Rabi,Red Palm Weevil,High
2016,Chikmangaluru,3729.8,38.0,Red,57.0,Coconut,Rabi,Red Palm Weevil,High
2017,Chikmangaluru,2746.2,38.0,Red,57.0,Coconut,Rabi,Red Palm Weevil,Medium
2017,Chikmangaluru,2746.2,39.0,Red,60.0,Coconut,Rabi,Red Palm Weevil,Medium
2016,Chikmangaluru,2746.2,39.0,Red,57.0,Coconut,Rabi,Red Palm Weevil,Medium
2017,Chikmangaluru,3360.0,39.0,Red,57.0,Coconut,Rabi,Red Palm Weevil,High
2018,Chikmangaluru,3360.0,40.0,Red,54.0,Coconut,Rabi,Red Palm Weevil,High
2013,Chikmangaluru,3360.0,40.0,Red,54.5,Coconut,Rabi,Red Palm Weevil,High
2014,Chikmangaluru,3605.4,40.0,Red,56.6,Coconut,Rabi,Red Palm Weevil,High
2015,Chikmangaluru,3605.4,41.0,Red,55.5,Coconut,Rabi,Red Palm Weevil,High
2016,Chikmangaluru,3605.4,41.0,Red,58.5,Coconut,Rabi,Red Palm Weevil,High
2017,Chikmangaluru,3512.4,41.0,Red,59.5,Coconut,Rabi,Red Palm Weevil,High
2018,Chikmangaluru,3512.4,42.0,Red,55.0,Coconut,Rabi,Red Palm Weevil,High
2004,Chikmangaluru,3512.4,42.0,Red,53.0,Coconut,Rabi,Red Palm Weevil,High
2005,Hassan,3296.0,42.0,Red,53.5,Coconut,Rabi,Red Palm Weevil,High
2006,Hassan,3296.0,43.0,Red,52.5,Coconut,Rabi,Red Palm Weevil,High
2007,Hassan,3296.0,43.0,Red,56.0,Coconut,Rabi,Red Palm Weevil,High
2008,Hassan,3550.0,128.0,Red,57.0,Coconut,Rabi,Red Palm Weevil,High
2009,Hassan,3550.0,129.0,Red,57.5,Coconut,Rabi,Red Palm Weevil,High
2010,Hassan,3550.0,130.0,Red,57.0,Coconut,Rabi,Red Palm Weevil,High
2011,Hassan,3654.0,131.0,Red,55.0,Coconut,Rabi,Red Palm Weevil,High
2012,Hassan,3654.0,132.0,Red,56.0,Coconut,Rabi,Red Palm Weevil,High
2013,Hassan,3654.0,133.0,Red,54.0,Coconut,Rabi,Red Palm Weevil,High
2014,Hassan,233.0,134.0,Alluvial,58.0,Coconut,Rabi,Red Palm Weevil,Low
2015,Hassan,233.0,135.0,Alluvial,58.0,Coconut,Rabi,Red Palm Weevil,Low
2016,Hassan,233.0,136.0,Alluvial,59.0,Coconut,Rabi,Red Palm Weevil,Low
2017,Hassan,234.0,137.0,Alluvial,50.0,Coconut,Rabi,Red Palm Weevil,Low
2004,Hassan,234.0,138.0,Alluvial,54.0,Coconut,Rabi,Red Palm Weevil,Low
2004,Hassan,234.0,139.0,Alluvial,53.0,Coconut,Rabi,Red Palm Weevil,Low
2004,Hassan,3105.0,140.0,Alluvial,52.0,Coconut,Rabi,Red Palm Weevil,High
2004,Hassan,3105.0,141.0,Alluvial,51.0,Coconut,Rabi,Red Palm Weevil,High
2004,Hassan,3105.0,142.0,Alluvial,57.0,Coconut,Rabi,Red Palm Weevil,High
2004,Hassan,236.0,143.0,Alluvial,57.0,Coconut,Rabi,Red Palm Weevil,Low
2004,Hassan,236.0,144.0,Alluvial,60.0,Coconut,Rabi,Red Palm Weevil,Low
2004,Hassan,2903.1,27.0,Alluvial,57.0,Coconut,Rabi,Red Palm Weevil,Medium
2004,Hassan,2903.1,27.0,Alluvial,57.0,Coconut,Rabi,Red Palm Weevil,Medium
2004,Hassan,2903.1,27.0,Alluvial,54.0,Coconut,Rabi,Red Palm Weevil,Medium
2004,Hassan,2996.6,27.0,Alluvial,54.5,Coconut,Rabi,Red Palm Weevil,Medium
2004,Hassan,2996.6,27.0,Alluvial,56.6,Coconut,Rabi,Red Palm Weevil,Medium
2004,Hassan,2996.6,27.0,Alluvial,55.5,Coconut,Rabi,Red Palm Weevil,Medium
2004,Hassan,3522.8,27.2,Alluvial,58.5,Coconut,Rabi,Red Palm Weevil,High
2004,Hassan,3522.8,27.2,Alluvial,59.5,Coconut,Rabi,Red Palm Weevil,High
2004,Hassan,3522.8,27.2,Alluvial,55.0,Coconut,Rabi,Red Palm Weevil,High
2004,Hassan,2903.1,27.0,Alluvial,53.0,Coconut,Rabi,Red Palm Weevil,Medium
2004,Hassan,2903.1,27.0,Alluvial,53.5,Coconut,Rabi,Red Palm Weevil,Medium
2004,Hassan,2903.1,27.0,Alluvial,52.5,Coconut,Rabi,Red Palm Weevil,Medium
2004,Hassan,2996.6,27.0,Alluvial,56.0,Coconut,Rabi,Red Palm Weevil,Medium
2004,Hassan,2996.6,27.0,Alluvial,57.0,Coconut,Rabi,Red Palm Weevil,Medium
2004,Hassan,2996.6,27.0,Sandy loam ,57.5,Coconut,Rabi,Red Palm Weevil,Medium
2004,Hassan,3522.8,27.2,Sandy loam ,57.0,Coconut,Rabi,Red Palm Weevil,High
2004,Hassan,3522.8,27.2,Sandy loam ,55.0,Coconut,Rabi,Red Palm Weevil,High
2004,Hassan,3522.8,27.2,Sandy loam ,56.0,Coconut,Rabi,Red Palm Weevil,High
2004,Hassan,3729.8,27.1,Sandy loam ,54.0,Coconut,Rabi,Red Palm Weevil,High
2004,Hassan,3729.8,27.1,Sandy loam ,58.0,Coconut,Rabi,Red Palm Weevil,High
2004,Hassan,3729.8,27.1,Sandy loam ,58.0,Coconut,Rabi,Red Palm Weevil,High
2004,Hassan,2746.2,26.8,Sandy loam ,59.0,Coconut,Rabi,Red Palm Weevil,Medium
2004,Hassan,2746.2,26.8,Sandy loam ,50.0,Coconut,Rabi,Red Palm Weevil,Medium
2004,Hassan,2746.2,26.8,Sandy loam ,54.0,Coconut,Rabi,Red Palm Weevil,Medium
2004,Hassan,3360.0,37.0,Sandy loam ,53.0,Cocoa,Rabi,Cocoa Pod Borer,High
2004,Hassan,3360.0,37.0,Sandy loam ,52.0,Cocoa,Rabi,Cocoa Pod Borer,High
2004,Hassan,3360.0,37.0,Sandy loam ,51.0,Cocoa,Rabi,Cocoa Pod Borer,High
2004,Hassan,3605.4,38.0,Sandy loam ,57.0,Cocoa,Rabi,Cocoa Pod Borer,High
2004,Hassan,3605.4,38.0,Sandy loam ,57.0,Cocoa,Rabi,Cocoa Pod Borer,High
2004,Hassan,3605.4,38.0,Sandy loam ,60.0,Cocoa,Rabi,Cocoa Pod Borer,High
2004,Hassan,3512.4,39.0,Sandy loam ,57.0,Coffee,Rabi,Coffee Berry Borer,High
2004,Mangalore,3512.4,39.0,Sandy loam ,57.0,Coffee,Rabi,Coffee Berry Borer,High
2004,Mangalore,3512.4,39.0,Sandy loam ,54.0,Coffee,Rabi,Coffee Berry Borer,High
2004,Mangalore,3296.0,40.0,Sandy loam ,54.5,Coffee,Rabi,Coffee Berry Borer,High
2004,Mangalore,3296.0,40.0,Sandy loam ,56.6,Coffee,Zaid,Coffee Berry Borer,High
2004,Mangalore,3296.0,40.0,Sandy loam ,55.5,Coffee,Zaid,Coffee Berry Borer,High
2004,Mangalore,3550.0,41.0,Sandy loam ,58.5,Coffee,Zaid,Coffee Berry Borer,High
2004,Mangalore,3550.0,41.0,Sandy loam ,59.5,Coffee,Zaid,Coffee Berry Borer,High
2004,Mangalore,3550.0,41.0,Sandy loam ,55.0,Coffee,Zaid,Coffee Berry Borer,High
2004,Mangalore,3654.0,42.0,Clay,53.0,Coffee,Zaid,Coffee Berry Borer,High
2004,Mangalore,3654.0,42.0,Clay,53.5,Coffee,Zaid,Coffee Berry Borer,High
2004,Mangalore,3654.0,42.0,Clay,52.5,Coffee,Zaid,Coffee Berry Borer,High
2004,Mangalore,233.0,43.0,Clay,56.0,Coffee,Zaid,Coffee Berry Borer,Low
2004,Mangalore,233.0,43.0,Clay,57.0,Coffee,Zaid,Coffee Berry Borer,Low
2004,Mangalore,233.0,27.0,Clay,57.5,Coffee,Zaid,Coffee Berry Borer,Low
2004,Kodagu,234.0,27.0,Clay,57.0,Cardamum,Zaid,Thrips,Low
2004,Kodagu,234.0,27.0,Clay,55.0,Cardamum,Zaid,Thrips,Low
2004,Kodagu,234.0,27.0,Clay,56.0,Cardamum,Zaid,Thrips,Low
2004,Kodagu,3105.0,27.0,Clay,54.0,Cardamum,Zaid,Thrips,High
2004,Kodagu,3105.0,27.0,Clay,58.0,Cardamum,Zaid,Thrips,High
2004,Kodagu,3105.0,27.2,Clay,58.0,Cardamum,Zaid,Thrips,High
2004,Kodagu,236.0,27.2,Clay,59.0,Cardamum,Zaid,Thrips,Low
2004,Kodagu,236.0,27.2,Clay,50.0,Cardamum,Zaid,Thrips,Low
2004,Kodagu,2903.1,27.0,Clay,54.0,Cardamum,Zaid,Thrips,Medium
2004,Kodagu,2903.1,27.0,Clay,53.0,Cardamum,Zaid,Thrips,Medium
2004,Kodagu,2903.1,27.0,Clay,52.0,Cardamum,Zaid,Thrips,Medium
2004,Kodagu,2996.6,27.0,Clay,51.0,Cardamum,Zaid,Thrips,Medium
2004,Kodagu,2996.6,27.0,Clay,57.0,Cardamum,Zaid,Thrips,Medium
2004,Kasaragodu,2996.6,27.0,Clay,57.0,Cardamum,Zaid,Thrips,Medium
2004,Kasaragodu,3522.8,27.2,Clay,60.0,Cardamum,Zaid,Thrips,High
2004,Kasaragodu,3522.8,27.2,Clay,57.0,Pepper,Zaid,Pollu Beetle,High
2004,Kasaragodu,3522.8,27.2,Clay,57.0,Pepper,Zaid,Pollu Beetle,High
2004,Kasaragodu,2903.1,27.1,Clay,54.0,Pepper,Zaid,Pollu Beetle,Medium
2004,Kasaragodu,2903.1,27.1,Clay,54.5,Pepper,Zaid,Pollu Beetle,Medium
2004,Kasaragodu,2903.1,27.1,Clay,56.6,Pepper,Zaid,Pollu Beetle,Medium
2004,Kasaragodu,2996.6,26.8,Clay,55.5,Pepper,Zaid,Pollu Beetle,Medium
2004,Kasaragodu,2996.6,26.8,Clay,58.5,Pepper,Zaid,Pollu Beetle,Medium
2004,Kasaragodu,2996.6,26.8,Clay,59.5,Pepper,Zaid,Pollu Beetle,Medium
2004,Kasaragodu,3522.8,37.0,Clay,55.0,Pepper,Zaid,Pollu Beetle,High
2004,Kasaragodu,3522.8,37.0,Sandy loam ,53.0,Pepper,Zaid,Pollu Beetle,High
2004,Kasaragodu,3522.8,37.0,Sandy loam ,53.5,Pepper,Zaid,Pollu Beetle,High
2004,Kasaragodu,3729.8,38.0,Sandy loam ,52.5,Pepper,Zaid,Pollu Beetle,High
2004,Kasaragodu,3729.8,38.0,Sandy loam ,56.0,Pepper,Zaid,Pollu Beetle,High
2004,Raichur,3729.8,38.0,Sandy loam ,57.0,Pepper,Zaid,Pollu Beetle,High
2004,Raichur,2746.2,39.0,Sandy loam ,57.5,Pepper,Zaid,Pollu Beetle,Medium
2004,Raichur,2746.2,39.0,Sandy loam ,57.0,Arecanut,Zaid,Spindle Bug,Medium
2004,Raichur,2746.2,39.0,Sandy loam ,55.0,Arecanut,Zaid,Spindle Bug,Medium
2004,Raichur,3360.0,40.0,Sandy loam ,56.0,Arecanut,Zaid,Spindle Bug,High
2004,Raichur,3360.0,40.0,Sandy loam ,54.0,Arecanut,Zaid,Spindle Bug,High
2004,Raichur,3360.0,40.0,Sandy loam ,58.0,Arecanut,Zaid,Spindle Bug,High
2004,Raichur,3605.4,41.0,Sandy loam ,58.0,Arecanut,Zaid,Spindle Bug,High
2004,Raichur,3605.4,41.0,Sandy loam ,59.0,Arecanut,Zaid,Spindle Bug,High
2004,Raichur,3605.4,41.0,Sandy loam ,50.0,Arecanut,Zaid,Spindle Bug,High
2004,Raichur,3512.4,42.0,Sandy loam ,54.0,Arecanut,Zaid,Spindle Bug,High
2004,Raichur,3512.4,42.0,Sandy loam ,53.0,Arecanut,Zaid,Spindle Bug,High
2004,Raichur,3512.4,42.0,Sandy loam ,52.0,Arecanut,Zaid,Spindle Bug,High
2004,Raichur,3296.0,43.0,Sandy loam ,51.0,Arecanut,Zaid,Spindle Bug,High
2004,Raichur,3296.0,27.0,Sandy loam ,57.0,Arecanut,Zaid,Spindle Bug,High
2004,Raichur,3296.0,27.0,Sandy loam ,57.0,Arecanut,Zaid,Spindle Bug,High
2004,Raichur,3550.0,27.0,Sandy loam ,60.0,Arecanut,Zaid,Spindle Bug,High
2004,Raichur,3550.0,27.0,Sandy loam ,57.0,Ginger,Zaid,Shoot Borer,High
2004,Raichur,3550.0,27.0,Sandy loam ,57.0,Ginger,Zaid,Shoot Borer,High
2004,Raichur,3654.0,27.0,Sandy loam ,54.0,Ginger,Zaid,Shoot Borer,High
2004,Gulbarga,3654.0,27.2,Sandy loam ,54.5,Ginger,Zaid,Shoot Borer,High
2004,Gulbarga,3654.0,27.2,Sandy loam ,56.6,Ginger,Zaid,Shoot Borer,High
2004,Gulbarga,233.0,27.2,Sandy loam ,55.5,Ginger,Zaid,Shoot Borer,Low
2004,Gulbarga,233.0,27.0,Sandy loam ,58.5,Ginger,Zaid,Shoot Borer,Low
2004,Gulbarga,233.0,27.0,Sandy loam ,59.5,Ginger,Zaid,Shoot Borer,Low
2004,Gulbarga,234.0,27.0,Sandy loam ,55.0,Ginger,Zaid,Shoot Borer,Low
2004,Gulbarga,234.0,27.0,Sandy loam ,53.0,Ginger,Zaid,Shoot Borer,Low
2004,Gulbarga,234.0,27.0,Sandy loam ,53.5,Ginger,Zaid,Shoot Borer,Low
2004,Gulbarga,3105.0,27.0,Sandy loam ,52.5,Ginger,Zaid,Shoot Borer,High
2004,Gulbarga,3105.0,27.2,Sandy loam ,56.0,Ginger,Zaid,Shoot Borer,High
2004,Gulbarga,3105.0,27.2,Loam,57.0,Ginger,Zaid,Shoot Borer,High
2004,Gulbarga,236.0,27.2,Loam,57.5,Ginger,Zaid,Shoot Borer,Low
2004,Gulbarga,236.0,27.1,Loam,57.0,Tea,Zaid,Tea Mosquito Bug,Low
2004,Gulbarga,2903.1,27.1,Loam,55.0,Tea,Zaid,Tea Mosquito Bug,Medium
2004,Gulbarga,2903.1,27.1,Loam,56.0,Tea,Zaid,Tea Mosquito Bug,Medium
2004,Gulbarga,2903.1,26.8,Loam,54.0,Tea,Zaid,Tea Mosquito Bug,Medium
2004,Gulbarga,2996.6,26.8,Loam,58.0,Tea,Zaid,Tea Mosquito Bug,Medium
2004,Gulbarga,2996.6,26.8,Loam,58.0,Tea,Zaid,Tea Mosquito Bug,Medium
2004,Gulbarga,2996.6,37.0,Loam,59.0,Tea,Zaid,Tea Mosquito Bug,Medium
2004,Gulbarga,3522.8,37.0,Loam,50.0,Tea,Zaid,Tea Mosquito Bug,High
2004,Gulbarga,3522.8,37.0,Loam,54.0,Tea,Zaid,Tea Mosquito Bug,High
2004,Gulbarga,3522.8,38.0,Loam,53.0,Tea,Zaid,Tea Mosquito Bug,High
2004,Gulbarga,2903.1,38.0,Loam,52.0,Tea,Zaid,Tea Mosquito Bug,Medium
2004,Gulbarga,2903.1,38.0,Loam,51.0,Tea,Zaid,Tea Mosquito Bug,Medium
2004,Gulbarga,2903.1,39.0,Loam,57.0,Tea,Zaid,Tea Mosquito Bug,Medium
2004,Gulbarga,2996.6,39.0,Loam,57.0,Tea,Rabi,Tea Mosquito Bug,Medium
2004,Gulbarga,2996.6,39.0,Loam,60.0,Tea,Rabi,Tea Mosquito Bug,Medium
2004,Gulbarga,2996.6,40.0,Loam,57.0,Paddy,Rabi,Stem Borer,Medium
2004,Gulbarga,3522.8,40.0,Loam,57.0,Paddy,Rabi,Stem Borer,High
2013,Gulbarga,3522.8,40.0,Loam,54.0,Paddy,Rabi,Stem Borer,High
2014,Gulbarga,3522.8,41.0,Loam,54.5,Paddy,Rabi,Stem Borer,High
2015,Gulbarga,3729.8,41.0,Loam,56.6,Paddy,Rabi,Stem Borer,High
2016,Gulbarga,3729.8,41.0,Loam,55.5,Paddy,Rabi,Stem Borer,High
2017,Gulbarga,3729.8,42.0,Loam,58.5,Paddy,Rabi,Stem Borer,High
2018,Gulbarga,2746.2,42.0,Loam,59.5,Paddy,Rabi,Stem Borer,Medium
2004,Gulbarga,2746.2,42.0,Loam,55.0,Paddy,Rabi,Stem Borer,Medium
2005,Gulbarga,2746.2,43.0,Loam,53.0,Paddy,Rabi,Stem Borer,Medium
2006,Gulbarga,3360.0,43.0,Loam,53.5,Paddy,Rabi,Stem Borer,High
2007,Gulbarga,3360.0,128.0,Loam,52.5,Paddy,Rabi,Stem Borer,High
2008,Gulbarga,3360.0,129.0,Loam,56.0,Paddy,Rabi,Stem Borer,High
2009,Gulbarga,3605.4,130.0,Loam,57.0,Paddy,Rabi,Stem Borer,High
2010,Gulbarga,3605.4,131.0,Loam,57.5,Paddy,Rabi,Stem Borer,High
2011,Gulbarga,2903.1,132.0,Loam,57.0,Groundnut,Rabi,Leaf Miner,Medium
2012,Gulbarga,2903.1,133.0,Loam,55.0,Groundnut,Rabi,Leaf Miner,Medium
2013,Gulbarga,2903.1,134.0,Loam,56.0,Groundnut,Rabi,Leaf Miner,Medium
2014,Gulbarga,2996.6,135.0,Loam,54.0,Groundnut,Rabi,Leaf Miner,Medium
2015,Gulbarga,2996.6,136.0,Laterite,58.0,Groundnut,Rabi,Leaf Miner,Medium
2016,Gulbarga,2996.6,137.0,Laterite,58.0,Groundnut,Rabi,Leaf Miner,Medium
2017,Gulbarga,3522.8,138.0,Laterite,59.0,Groundnut,Rabi,Leaf Miner,High
2018,Gulbarga,3522.8,139.0,Laterite,50.0,Groundnut,Rabi,Leaf Miner,High
2004,Gulbarga,3522.8,140.0,Laterite,54.0,Groundnut,Rabi,Leaf Miner,High
2005,Gulbarga,3729.8,141.0,Laterite,53.0,Groundnut,Rabi,Leaf Miner,High
2006,Gulbarga,2903.1,142.0,Laterite,52.0,Groundnut,Rabi,Leaf Miner,Medium
2007,Gulbarga,2903.1,143.0,Laterite,51.0,Groundnut,Rabi,Leaf Miner,Medium
2008,Gulbarga,2903.1,144.0,Laterite,57.0,Groundnut,Rabi,Leaf Miner,Medium
2009,Gulbarga,2996.6,145.0,Laterite,57.0,Groundnut,Rabi,Leaf Miner,Medium
2010,Gulbarga,2996.6,146.0,Laterite,60.0,Groundnut,Rabi,Leaf Miner,Medium
2011,Gulbarga,2996.6,147.0,Laterite,57.0,Blackgram,Rabi,Pod Borer,Medium
2012,Gulbarga,3522.8,148.0,Laterite,57.0,Blackgram,Rabi,Pod Borer,High
2013,Gulbarga,3522.8,149.0,Laterite,54.0,Blackgram,Rabi,Pod Borer,High
2014,Gulbarga,3522.8,150.0,Laterite,54.5,Blackgram,Rabi,Pod Borer,High
2015,Gulbarga,3729.8,151.0,Laterite,56.6,Blackgram,Rabi,Pod Borer,High
2016,Gulbarga,3729.8,152.0,Laterite,55.5,Blackgram,Rabi,Pod Borer,High
2017,Gulbarga,3729.8,153.0,Laterite,58.5,Blackgram,Rabi,Pod Borer,High
2018,Gulbarga,2746.2,154.0,Laterite,59.5,Blackgram,Rabi,Pod Borer,Medium
2004,Gulbarga,2746.2,155.0,Laterite,55.0,Blackgram,Rabi,Pod Borer,Medium
2005,Gulbarga,2746.2,156.0,Laterite,53.0,Blackgram,Rabi,Pod Borer,Medium
2006,Gulbarga,3360.0,157.0,Laterite,53.5,Blackgram,Rabi,Pod Borer,High
2007,Gulbarga,3360.0,158.0,Laterite,52.5,Blackgram,Rabi,Pod Borer,High
2008,Gulbarga,3360.0,159.0,Laterite,56.0,Blackgram,Rabi,Pod Borer,High
2009,Gulbarga,3605.4,160.0,Laterite,59.5,Blackgram,Rabi,Pod Borer,High
2010,Gulbarga,3605.4,161.0,Laterite,55.0,Blackgram,Rabi,Pod Borer,High
2011,Gulbarga,3605.4,162.0,Laterite,53.0,Cashew,Rabi,Tea Mosquito Bug,High
2012,Gulbarga,3512.4,163.0,Laterite,53.5,Cashew,Rabi,Tea Mosquito Bug,High
2013,Gulbarga,3512.4,164.0,Laterite,52.5,Cashew,Rabi,Tea Mosquito Bug,High
2014,Gulbarga,3512.4,165.0,Laterite,56.0,Cashew,Rabi,Tea Mosquito Bug,High
2015,Gulbarga,3296.0,166.0,Laterite,57.0,Cashew,Rabi,Tea Mosquito Bug,High
2016,Gulbarga,3296.0,167.0,Laterite,57.5,Cashew,Rabi,Tea Mosquito Bug,High
2017,Gulbarga,3296.0,168.0,Laterite,57.0,Cashew,Rabi,Tea Mosquito Bug,High
2018,Gulbarga,3550.0,169.0,Laterite,55.0,Cashew,Rabi,Tea Mosquito Bug,High
2004,Gulbarga,3550.0,170.0,Laterite,56.0,Cashew,Rabi,Tea Mosquito Bug,High
2005,Gulbarga,3550.0,171.0,Laterite,54.0,Cashew,Rabi,Tea Mosquito Bug,High
2006,Gulbarga,3654.0,172.0,Laterite,58.0,Cashew,Rabi,Tea Mosquito Bug,High
2007,Gulbarga,3654.0,173.0,Laterite,58.0,Cashew,Rabi,Tea Mosquito Bug,High
2008,Gulbarga,3654.0,174.0,Laterite,59.0,Cashew,Rabi,Tea Mosquito Bug,High
2009,Gulbarga,233.0,175.0,Laterite,50.0,Cashew,Rabi,Tea Mosquito Bug,Low
2010,Gulbarga,233.0,176.0,Laterite,54.0,Cashew,Rabi,Tea Mosquito Bug,Low
2011,Gulbarga,233.0,177.0,Laterite,53.0,Coconut,Rabi,Red Palm Weevil,Low
2012,Gulbarga,234.0,178.0,Laterite,59.5,Coconut,Rabi,Red Palm Weevil,Low
2013,Gulbarga,234.0,179.0,Laterite,55.0,Coconut,Rabi,Red Palm Weevil,Low
2014,Gulbarga,234.0,180.0,Laterite,53.0,Coconut,Rabi,Red Palm Weevil,Low
2015,Gulbarga,3105.0,181.0,Laterite,53.5,Coconut,Rabi,Red Palm Weevil,High
2016,Gulbarga,3105.0,182.0,Laterite,52.5,Coconut,Rabi,Red Palm Weevil,High
2017,Gulbarga,3105.0,183.0,Laterite,56.0,Coconut,Rabi,Red Palm Weevil,High
2018,Gulbarga,236.0,184.0,Laterite,57.0,Coconut,Rabi,Red Palm Weevil,Low
2004,Gulbarga,236.0,185.0,Laterite,57.5,Coconut,Rabi,Red Palm Weevil,Low
2005,Gulbarga,2903.1,186.0,Clay,57.0,Coconut,Rabi,Red Palm Weevil,Medium
2006,Gulbarga,2903.1,187.0,Clay,55.0,Coconut,Rabi,Red Palm Weevil,Medium
2007,Gulbarga,2903.1,188.0,Clay,56.0,Coconut,Rabi,Red Palm Weevil,Medium
2008,Gulbarga,2996.6,189.0,Clay,54.0,Coconut,Rabi,Red Palm Weevil,Medium
2009,Gulbarga,2996.6,190.0,Clay,58.0,Coconut,Rabi,Red Palm Weevil,Medium
2010,Gulbarga,2996.6,191.0,Clay,58.0,Coconut,Rabi,Red Palm Weevil,Medium
2011,Gulbarga,3522.8,192.0,Clay,59.0,Coconut,Rabi,Red Palm Weevil,High
2012,Gulbarga,3522.8,193.0,Clay,50.0,Ginger,Rabi,Shoot Borer,High
2013,Gulbarga,3522.8,194.0,Clay,54.0,Ginger,Rabi,Shoot Borer,High
2014,Madikeri,3729.8,195.0,Clay,53.0,Ginger,Rabi,Shoot Borer,High
2015,Madikeri,3729.8,196.0,Clay,59.5,Ginger,Rabi,Shoot Borer,High
2016,Madikeri,3729.8,197.0,Sandy,55.0,Ginger,Rabi,Shoot Borer,High
2017,Madikeri,2746.2,198.0,Sandy,53.0,Ginger,Rabi,Shoot Borer,Medium
2018,Madikeri,2746.2,199.0,Sandy,53.5,Ginger,Rabi,Shoot Borer,Medium
2004,Madikeri,2746.2,200.0,Sandy,52.5,Ginger,Rabi,Shoot Borer,Medium
2005,Madikeri,3360.0,201.0,Sandy,56.0,Ginger,Rabi,Shoot Borer,High
2006,Madikeri,3360.0,202.0,Sandy,57.0,Ginger,Rabi,Shoot Borer,High
2007,Madikeri,3360.0,203.0,Sandy,57.5,Ginger,Rabi,Shoot Borer,High
2008,Madikeri,3605.4,204.0,Sandy,57.0,Ginger,Rabi,Shoot Borer,High
2009,Madikeri,3605.4,205.0,Sandy,55.0,Ginger,Rabi,Shoot Borer,High
2010,Madikeri,3605.4,206.0,Sandy,56.0,Ginger,Rabi,Shoot Borer,High
2011,Madikeri,3512.4,207.0,Sandy,54.0,Ginger,Rabi,Shoot Borer,High
2012,Madikeri,3512.4,208.0,Loam,57.0,Coconut,Rabi,Red Palm Weevil,High
2013,Madikeri,3512.4,209.0,Loam,57.5,Coconut,Rabi,Red Palm Weevil,High
2014,Madikeri,3296.0,210.0,Loam,57.0,Coconut,Rabi,Red Palm Weevil,High
2015,Madikeri,3296.0,211.0,Loam,55.0,Coconut,Rabi,Red Palm Weevil,High
2016,Madikeri,3296.0,212.0,Loam,56.0,Coconut,Rabi,Red Palm Weevil,High
2017,Madikeri,3550.0,213.0,Loam,54.0,Coconut,Rabi,Red Palm Weevil,High
2018,Madikeri,3550.0,214.0,Loam,58.0,Coconut,Rabi,Red Palm Weevil,High
2004,Madikeri,3550.0,215.0,Loam,58.0,Coconut,Rabi,Red Palm Weevil,High
2005,Madikeri,3654.0,216.0,Loam,59.0,Coconut,Rabi,Red Palm Weevil,High
2006,Madikeri,3654.0,217.0,Loam,50.0,Coconut,Rabi,Red Palm Weevil,High
2007,Madikeri,3654.0,218.0,Loam,54.0,Coconut,Rabi,Red Palm Weevil,High
2008,Madikeri,233.0,219.0,Loam,53.0,Coconut,Rabi,Red Palm Weevil,Low
2009,Madikeri,233.0,220.0,Loam,52.0,Coconut,Rabi,Red Palm Weevil,Low
2010,Madikeri,233.0,221.0,Loam,51.0,Coconut,Rabi,Red Palm Weevil,Low
2011,Madikeri,234.0,222.0,Loam,57.0,Coconut,Rabi,Red Palm Weevil,Low
2012,Hassan,234.0,27.0,Loam,57.0,Coconut,Rabi,Red Palm Weevil,Low
2013,Hassan,234.0,27.0,Loam,60.0,Coconut,Rabi,Red Palm Weevil,Low
2014,Hassan,3105.0,27.0,Loam,57.0,Coconut,Rabi,Red Palm Weevil,High
2015,Hassan,3105.0,27.0,Loam,57.0,Coconut,Rabi,Red Palm Weevil,High
2016,Hassan,3105.0,27.0,Loam,54.0,Coconut,Rabi,Red Palm Weevil,High
2017,Hassan,236.0,27.2,Loam,54.5,Coconut,Rabi,Red Palm Weevil,Low
2018,Hassan,2903.1,27.2,Loam,56.6,Coconut,Rabi,Red Palm Weevil,Medium
2004,Hassan,2903.1,27.2,Loam,55.5,Coconut,Rabi,Red Palm Weevil,Medium
2005,Hassan,2903.1,27.0,Loam,58.5,Coconut,Rabi,Red Palm Weevil,Medium
2006,Hassan,2996.6,27.0,Loam,59.5,Coconut,Rabi,Red Palm Weevil,Medium
2007,Hassan,2996.6,27.0,Loam,55.0,Coconut,Rabi,Red Palm Weevil,Medium
2008,Hassan,2996.6,27.0,Loam,53.0,Coconut,Rabi,Red Palm Weevil,Medium
2009,Hassan,3522.8,27.0,Loam,53.5,Coconut,Rabi,Red Palm Weevil,High
2010,Hassan,3522.8,27.0,Alluvial,52.5,Coconut,Rabi,Red Palm Weevil,High
2011,Hassan,3522.8,27.2,Alluvial,56.0,Coconut,Rabi,Red Palm Weevil,High
2012,Hassan,3729.8,27.2,Alluvial,57.0,Coconut,Rabi,Red Palm Weevil,High
2013,Hassan,3729.8,27.2,Alluvial,57.5,Coconut,Rabi,Red Palm Weevil,High
2014,Hassan,3729.8,27.1,Alluvial,57.0,Coconut,Rabi,Red Palm Weevil,High
2015,Hassan,2746.2,27.1,Alluvial,55.0,Coconut,Rabi,Red Palm Weevil,Medium
2016,Hassan,2746.2,27.1,Alluvial,56.0,Coconut,Rabi,Red Palm Weevil,Medium
2017,Hassan,2746.2,26.8,Alluvial,54.0,Coconut,Rabi,Red Palm Weevil,Medium
2018,Hassan,3360.0,26.8,Alluvial,58.0,Coconut,Rabi,Red Palm Weevil,High
2004,Hassan,3360.0,26.8,Alluvial,58.0,Coconut,Rabi,Red Palm Weevil,High
2005,Hassan,3360.0,37.0,Alluvial,59.0,Coconut,Rabi,Red Palm Weevil,High
2006,Hassan,3605.4,37.0,Alluvial,50.0,Coconut,Rabi,Red Palm Weevil,High
2007,Hassan,3605.4,37.0,Alluvial,54.0,Coconut,Rabi,Red Palm Weevil,High
2008,Hassan,3605.4,38.0,Alluvial,53.0,Coconut,Rabi,Red Palm Weevil,High
2009,Hassan,3512.4,38.0,Alluvial,52.0,Coconut,Rabi,Red Palm Weevil,High
2010,Hassan,3512.4,38.0,Alluvial,51.0,Coconut,Rabi,Red Palm Weevil,High
2011,Hassan,3512.4,39.0,Alluvial,57.0,Coconut,Rabi,Red Palm Weevil,High
2012,Hassan,3296.0,39.0,Alluvial,57.0,Coconut,Rabi,Red Palm Weevil,High
2013,Hassan,3296.0,39.0,Alluvial,60.0,Coconut,Rabi,Red Palm Weevil,High
2014,Hassan,3296.0,40.0,Alluvial,57.0,Coconut,Rabi,Red Palm Weevil,High
2015,Hassan,3550.0,40.0,Alluvial,57.0,Coconut,Rabi,Red Palm Weevil,High
2016,Hassan,3550.0,40.0,Alluvial,54.0,Coconut,Rabi,Red Palm Weevil,High
2017,Hassan,3550.0,41.0,Alluvial,54.5,Coconut,Rabi,Red Palm Weevil,High
2018,Hassan,3654.0,41.0,Alluvial,56.6,Coconut,Rabi,Red Palm Weevil,High
2004,Hassan,3654.0,41.0,Alluvial,55.5,Coconut,Rabi,Red Palm Weevil,High
2005,Hassan,3654.0,42.0,Alluvial,58.5,Coconut,Rabi,Red Palm Weevil,High
2006,Hassan,233.0,42.0,Alluvial,59.5,Coconut,Rabi,Red Palm Weevil,Low
2007,Hassan,233.0,42.0,Alluvial,55.0,Coconut,Rabi,Red Palm Weevil,Low
2008,Hassan,233.0,43.0,Alluvial,53.0,Coconut,Rabi,Red Palm Weevil,Low
2009,Hassan,234.0,43.0,Alluvial,53.5,Coconut,Rabi,Red Palm Weevil,Low
2010,Hassan,234.0,27.0,Alluvial,52.5,Coconut,Rabi,Red Palm Weevil,Low
2011,Hassan,234.0,27.0,Alluvial,56.0,Coconut,Rabi,Red Palm Weevil,Low
2012,Hassan,3105.0,27.0,Alluvial,57.0,Coconut,Rabi,Red Palm Weevil,High
2013,Hassan,3105.0,27.0,Alluvial,57.5,Coconut,Rabi,Red Palm Weevil,High
2014,Hassan,3105.0,27.0,Alluvial,57.0,Coconut,Rabi,Red Palm Weevil,High
2015,Hassan,236.0,27.0,Alluvial,55.0,Coconut,Rabi,Red Palm Weevil,Low
2016,Hassan,236.0,27.2,Red,56.0,Coconut,Rabi,Red Palm Weevil,Low
2017,Hassan,321.0,27.2,Red,54.0,Coconut,Rabi,Red Palm Weevil,Low
2018,Hassan,3654.0,27.2,Red,58.0,Coconut,Rabi,Red Palm Weevil,High
2004,Hassan,323.0,27.0,Red,58.0,Coconut,Rabi,Red Palm Weevil,Low
2005,Hassan,324.0,27.0,Red,59.0,Coconut,Rabi,Red Palm Weevil,Low
2006,Hassan,3105.0,27.0,Red,50.0,Coconut,Rabi,Red Palm Weevil,High
2007,Hassan,326.0,27.0,Red,54.0,Coconut,Rabi,Red Palm Weevil,Low
2008,Hassan,327.0,27.0,Red,53.0,Coconut,Rabi,Red Palm Weevil,Low
2009,Hassan,328.0,27.0,Red,52.0,Coconut,Rabi,Red Palm Weevil,Low
2010,Hassan,2903.1,27.2,Red,51.0,Coconut,Rabi,Red Palm Weevil,Medium
2011,Hassan,2903.1,27.2,Red,57.0,Coconut,Rabi,Red Palm Weevil,Medium
2012,Hassan,2903.1,27.2,Red,57.0,Coconut,Rabi,Red Palm Weevil,Medium
2013,Hassan,2996.6,27.1,Red,60.0,Coconut,Rabi,Red Palm Weevil,Medium
2014,Hassan,2996.6,27.1,Red,57.0,Coconut,Rabi,Red Palm Weevil,Medium
2015,Hassan,2996.6,27.1,Red,57.0,Coconut,Rabi,Red Palm Weevil,Medium
2016,Hassan,3522.8,26.8,Red,54.0,Coconut,Rabi,Red Palm Weevil,High
2017,Hassan,3522.8,26.8,Red,54.5,Coconut,Rabi,Red Palm Weevil,High
2018,Hassan,3522.8,26.8,Red,56.6,Coconut,Rabi,Red Palm Weevil,High
2019,Hassan,3729.8,37.0,Red,55.5,Coconut,Rabi,Red Palm Weevil,High
2004,Hassan,3729.8,37.0,Red,58.5,Coconut,Rabi,Red Palm Weevil,High
2005,Hassan,3729.8,37.0,Red,59.5,Coconut,Rabi,Red Palm Weevil,High
2006,Hassan,2746.2,38.0,Red,55.0,Coconut,Rabi,Red Palm Weevil,Medium
2007,Hassan,2746.2,38.0,Red,53.0,Coconut,Rabi,Red Palm Weevil,Medium
2008,Hassan,2746.2,38.0,Red,53.5,Coconut,Rabi,Red Palm Weevil,Medium
2009,Hassan,3360.0,39.0,Red,52.5,Coconut,Rabi,Red Palm Weevil,High
2010,Hassan,3360.0,39.0,Red,56.0,Coconut,Rabi,Red Palm Weevil,High
2011,Hassan,3360.0,39.0,Red,57.0,Coconut,Rabi,Red Palm Weevil,High
2012,Hassan,3605.4,40.0,Red,57.5,Coconut,Rabi,Red Palm Weevil,High
2013,Hassan,3605.4,40.0,Red,57.0,Coconut,Rabi,Red Palm Weevil,High
2014,Hassan,3605.4,40.0,Black,55.0,Coconut,Rabi,Red Palm Weevil,High
2015,Hassan,3512.4,41.0,Black,56.0,Coconut,Rabi,Red Palm Weevil,High
2016,Hassan,3512.4,41.0,Black,54.0,Coconut,Rabi,Red Palm Weevil,High
2017,Hassan,3512.4,41.0,Black,58.0,Coconut,Rabi,Red Palm Weevil,High
2018,Hassan,3296.0,42.0,Black,58.0,Coconut,Rabi,Red Palm Weevil,High
2012,Hassan,3296.0,42.0,Black,59.0,Coconut,Rabi,Red Palm Weevil,High
2013,Hassan,3296.0,42.0,Black,50.0,Coconut,Rabi,Red Palm Weevil,High
2014,Hassan,3550.0,43.0,Black,54.0,Coconut,Rabi,Red Palm Weevil,High
2015,Hassan,3550.0,27.0,Black,53.0,Coconut,Rabi,Red Palm Weevil,High
2016,Hassan,3550.0,27.0,Black,52.0,Coconut,Rabi,Red Palm Weevil,High
2017,Hassan,3654.0,27.0,Black,51.0,Coconut,Rabi,Red Palm Weevil,High
2018,Hassan,3654.0,27.0,Black,57.0,Coconut,Rabi,Red Palm Weevil,High
2019,Hassan,3654.0,27.0,Black,57.0,Coconut,Rabi,Red Palm Weevil,High
2004,Hassan,233.0,27.0,Black,60.0,Coconut,Rabi,Red Palm Weevil,Low
2005,Hassan,233.0,27.0,Black,57.0,Coconut,Rabi,Red Palm Weevil,Low
2006,Hassan,233.0,27.0,Black,57.0,Coconut,Rabi,Red Palm Weevil,Low
2007,Hassan,234.0,27.2,Black,54.0,Coconut,Rabi,Red Palm Weevil,Low
2008,Hassan,234.0,27.2,Black,54.5,Coconut,Rabi,Red Palm Weevil,Low
2009,Hassan,234.0,27.2,Black,56.6,Coconut,Rabi,Red Palm Weevil,Low
2010,Hassan,3105.0,27.0,Black,55.5,Coconut,Rabi,Red Palm Weevil,High
2011,Hassan,3105.0,27.0,Black,58.5,Coconut,Rabi,Red Palm Weevil,High
2012,Hassan,3105.0,27.0,Black,59.5,Coconut,Rabi,Red Palm Weevil,High
2013,Hassan,236.0,27.0,Black,55.0,Coconut,Rabi,Red Palm Weevil,Low
2014,Hassan,236.0,27.0,Black,53.0,Coconut,Rabi,Red Palm Weevil,Low
2015,Hassan,2903.1,27.0,Black,53.5,Coconut,Rabi,Red Palm Weevil,Medium
2016,Hassan,2903.1,27.2,Black,52.5,Coconut,Rabi,Red Palm Weevil,Medium
2017,Hassan,2903.1,27.2,Black,56.0,Coconut,Rabi,Red Palm Weevil,Medium
2018,Hassan,2996.6,27.2,Black,57.0,Coconut,Rabi,Red Palm Weevil,Medium
2011,Hassan,2996.6,27.1,Black,57.5,Coconut,Rabi,Red Palm Weevil,Medium
2012,Hassan,2996.6,27.1,Black,57.0,Coconut,Rabi,Red Palm Weevil,Medium
2013,Hassan,3522.8,27.1,Black,55.0,Coconut,Rabi,Red Palm Weevil,High
2014,Hassan,3522.8,26.8,Black,56.0,Coconut,Rabi,Red Palm Weevil,High
2015,Hassan,3522.8,26.8,Black,54.0,Coconut,Rabi,Red Palm Weevil,High
2016,Hassan,2903.1,27.1,Black,58.0,Coconut,Rabi,Red Palm Weevil,Medium
2017,Hassan,2903.1,27.1,Black,58.0,Coconut,Rabi,Red Palm Weevil,Medium
2018,Hassan,2903.1,26.8,Alluvial,59.0,Coconut,Rabi,Red Palm Weevil,Medium
2004,Hassan,2996.6,26.8,Alluvial,50.0,Coconut,Rabi,Red Palm Weevil,Medium
2005,Hassan,2996.6,26.8,Alluvial,54.0,Coconut,Rabi,Red Palm Weevil,Medium
2006,Hassan,2996.6,37.0,Alluvial,53.0,Cocoa,Rabi,Cocoa Pod Borer,Medium
2007,Hassan,3522.8,37.0,Alluvial,52.0,Cocoa,Rabi,Cocoa Pod Borer,High
2008,Hassan,3522.8,37.0,Alluvial,51.0,Cocoa,Rabi,Cocoa Pod Borer,High
2009,Hassan,3522.8,38.0,Alluvial,57.0,Cocoa,Rabi,Cocoa Pod Borer,High
2010,Hassan,3729.8,38.0,Alluvial,57.0,Cocoa,Rabi,Cocoa Pod Borer,High
2011,Hassan,3729.8,38.0,Alluvial,60.0,Cocoa,Rabi,Cocoa Pod Borer,High
2012,Hassan,3729.8,39.0,Alluvial,57.0,Coffee,Rabi,Coffee Berry Borer,High
2013,Hassan,2746.2,39.0,Alluvial,57.0,Coffee,Rabi,Coffee Berry Borer,Medium
2014,Hassan,2746.2,39.0,Alluvial,54.0,Coffee,Rabi,Coffee Berry Borer,Medium
2015,Hassan,2746.2,40.0,Alluvial,54.5,Coffee,Rabi,Coffee Berry Borer,Medium
2016,Hassan,3360.0,40.0,Alluvial,56.6,Coffee,Rabi,Coffee Berry Borer,High
2017,Mangalore,3360.0,40.0,Alluvial,55.5,Coffee,Rabi,Coffee Berry Borer,High
2018,Mangalore,3360.0,41.0,Alluvial,58.5,Coffee,Rabi,Coffee Berry Borer,High
2004,Mangalore,3605.4,41.0,Alluvial,59.5,Coffee,Rabi,Coffee Berry Borer,High
2005,Mangalore,3605.4,41.0,Alluvial,55.0,Coffee,Rabi,Coffee Berry Borer,High
2012,Mangalore,3605.4,42.0,Alluvial,53.0,Coffee,Rabi,Coffee Berry Borer,High
2013,Mangalore,3512.4,42.0,Alluvial,53.5,Coffee,Rabi,Coffee Berry Borer,High
2014,Mangalore,3512.4,27.0,Alluvial,52.5,Coffee,Rabi,Coffee Berry Borer,High
2015,Mangalore,3512.4,27.0,Alluvial,56.0,Coffee,Rabi,Coffee Berry Borer,High
2016,Mangalore,3296.0,27.0,Alluvial,57.0,Coffee,Rabi,Coffee Berry Borer,High
2017,Mangalore,3296.0,27.0,Alluvial,57.5,Coffee,Rabi,Coffee Berry Borer,High
2018,Mangalore,3296.0,27.0,Alluvial,57.0,Cardamum,Rabi,Thrips,High
2004,Mangalore,3550.0,27.0,Alluvial,55.0,Cardamum,Rabi,Thrips,High
2005,Mangalore,3550.0,27.2,Alluvial,56.0,Cardamum,Rabi,Thrips,High
2006,Mangalore,3550.0,27.2,Alluvial,54.0,Cardamum,Rabi,Thrips,High
2007,Mangalore,3654.0,27.2,Alluvial,58.0,Cardamum,Rabi,Thrips,High
2008,Mangalore,3654.0,27.0,Black,58.0,Cardamum,Rabi,Thrips,High
2009,Mangalore,3654.0,27.0,Black,59.0,Cardamum,Rabi,Thrips,High
2010,Kodagu,233.0,27.0,Black,50.0,Cardamum,Rabi,Thrips,Low
2011,Kodagu,233.0,27.0,Black,54.0,Cardamum,Rabi,Thrips,Low
2012,Kodagu,233.0,27.0,Black,53.0,Cardamum,Rabi,Thrips,Low
2013,Kodagu,234.0,27.0,Black,52.0,Cardamum,Rabi,Thrips,Low
2014,Kodagu,234.0,27.2,Black,51.0,Cardamum,Rabi,Thrips,Low
2015,Kodagu,234.0,27.2,Black,57.0,Cardamum,Rabi,Thrips,Low
2016,Kodagu,3105.0,27.2,Black,57.0,Cardamum,Rabi,Thrips,High
2017,Kodagu,3105.0,27.1,Black,60.0,Cardamum,Rabi,Thrips,High
2018,Kodagu,3105.0,27.1,Black,57.0,Pepper,Rabi,Pollu Beetle,High
2019,Kodagu,236.0,27.1,Black,57.0,Pepper,Rabi,Pollu Beetle,Low
2004,Kodagu,236.0,26.8,Black,54.0,Pepper,Rabi,Pollu Beetle,Low
2013,Kodagu,2903.1,26.8,Black,54.5,Pepper,Rabi,Pollu Beetle,Medium
2014,Kodagu,2903.1,26.8,Black,56.6,Pepper,Rabi,Pollu Beetle,Medium
2015,Kodagu,2903.1,37.0,Black,55.5,Pepper,Rabi,Pollu Beetle,Medium
2016,Kodagu,2996.6,37.0,Black,58.5,Pepper,Rabi,Pollu Beetle,Medium
2017,Kodagu,2996.6,37.0,Black,59.5,Pepper,Rabi,Pollu Beetle,Medium
2018,Kodagu,2996.6,38.0,Black,55.0,Pepper,Rabi,Pollu Beetle,Medium
2004,Kodagu,3522.8,38.0,Black,53.0,Pepper,Rabi,Pollu Beetle,High
2005,Kodagu,3522.8,38.0,Black,53.5,Pepper,Rabi,Pollu Beetle,High
2006,Kodagu,3522.8,39.0,Black,52.5,Pepper,Rabi,Pollu Beetle,High
2007,Kodagu,2903.1,39.0,Black,56.0,Pepper,Rabi,Pollu Beetle,Medium
2008,Kodagu,2903.1,39.0,Black,57.0,Pepper,Rabi,Pollu Beetle,Medium
2009,Kodagu,2903.1,40.0,Black,57.5,Pepper,Rabi,Pollu Beetle,Medium
2010,Kodagu,2996.6,40.0,Black,57.0,Arecanut,Rabi,Spindle Bug,Medium
2011,Kodagu,2996.6,40.0,Black,55.0,Arecanut,Rabi,Spindle Bug,Medium
2012,Kodagu,2996.6,41.0,Black,56.0,Arecanut,Rabi,Spindle Bug,Medium
2013,Kodagu,3522.8,41.0,Black,54.0,Arecanut,Rabi,Spindle Bug,High
2014,Kodagu,3522.8,41.0,Black,58.0,Arecanut,Rabi,Spindle Bug,High
2015,Kodagu,3522.8,42.0,Black,58.0,Arecanut,Rabi,Spindle Bug,High
2016,Kodagu,3729.8,42.0,Black,59.0,Arecanut,Rabi,Spindle Bug,High
2017,Kodagu,3729.8,42.0,Black,50.0,Arecanut,Rabi,Spindle Bug,High
2018,Mysuru,3729.8,43.0,Black,54.0,Arecanut,Rabi,Spindle Bug,High
2013,Mysuru,2746.2,43.0,Black,53.0,Arecanut,Rabi,Spindle Bug,Medium
2014,Mysuru,2746.2,27.0,Black,52.0,Arecanut,Rabi,Spindle Bug,Medium
2015,Mysuru,2746.2,27.0,Black,51.0,Arecanut,Rabi,Spindle Bug,Medium
2016,Mysuru,3360.0,27.0,Black,57.0,Arecanut,Rabi,Spindle Bug,High
2017,Mysuru,3360.0,27.0,Black,57.0,Arecanut,Rabi,Spindle Bug,High
2018,Mysuru,3360.0,27.0,Black,60.0,Arecanut,Rabi,Spindle Bug,High
2004,Mysuru,3605.4,27.0,Black,57.0,Ginger,Rabi,Shoot Borer,High
2005,Mysuru,3605.4,27.2,Black,57.0,Ginger,Rabi,Shoot Borer,High
2006,Mysuru,3605.4,27.2,Loam,54.0,Ginger,Rabi,Shoot Borer,High
2007,Mysuru,3512.4,27.2,Loam,54.5,Ginger,Rabi,Shoot Borer,High
2008,Mysuru,3512.4,27.0,Loam,56.6,Ginger,Rabi,Shoot Borer,High
2009,Mysuru,3512.4,27.0,Loam,55.5,Ginger,Rabi,Shoot Borer,High
2010,Mysuru,3296.0,27.0,Loam,58.5,Ginger,Rabi,Shoot Borer,High
2011,Mysuru,3296.0,27.0,Loam,59.5,Ginger,Rabi,Shoot Borer,High
2012,Mysuru,3296.0,27.0,Loam,55.0,Ginger,Rabi,Shoot Borer,High
2013,Mysuru,3550.0,27.0,Loam,53.0,Ginger,Rabi,Shoot Borer,High
2014,Mysuru,3550.0,27.2,Loam,53.5,Ginger,Rabi,Shoot Borer,High
2015,Mysuru,3550.0,27.2,Loam,52.5,Ginger,Rabi,Shoot Borer,High
2016,Mysuru,3654.0,27.2,Loam,56.0,Ginger,Rabi,Shoot Borer,High
2017,Mysuru,3654.0,27.1,Loam,57.0,Ginger,Rabi,Shoot Borer,High
2018,Mysuru,3654.0,27.1,Loam,57.5,Ginger,Rabi,Shoot Borer,High
2015,Mysuru,233.0,27.1,Loam,57.0,Tea,Rabi,Tea Mosquito Bug,Low
2016,Mysuru,233.0,26.8,Loam,55.0,Tea,Rabi,Tea Mosquito Bug,Low
2017,Mysuru,233.0,26.8,Loam,56.0,Tea,Rabi,Tea Mosquito Bug,Low
2018,Mysuru,234.0,26.8,Loam,54.0,Tea,Rabi,Tea Mosquito Bug,Low
2013,Mysuru,234.0,37.0,Loam,58.0,Tea,Rabi,Tea Mosquito Bug,Low
2014,Mysuru,234.0,37.0,Loam,58.0,Tea,Rabi,Tea Mosquito Bug,Low
2015,Mysuru,3105.0,37.0,Loam,59.0,Tea,Rabi,Tea Mosquito Bug,High
2016,Mysuru,3105.0,38.0,Loam,50.0,Tea,Rabi,Tea Mosquito Bug,High
2017,Mysuru,3105.0,38.0,Loam,54.0,Tea,Rabi,Tea Mosquito Bug,High
2018,Mysuru,236.0,38.0,Loam,53.0,Tea,Rabi,Tea Mosquito Bug,Low
2004,Mysuru,236.0,39.0,Loam,52.0,Tea,Rabi,Tea Mosquito Bug,Low
2005,Mysuru,2903.1,39.0,Loam,51.0,Tea,Rabi,Tea Mosquito Bug,Medium
2006,Mysuru,2903.1,39.0,Loam,57.0,Tea,Rabi,Tea Mosquito Bug,Medium
2007,Mysuru,2903.1,40.0,Loam,57.0,Tea,Rabi,Tea Mosquito Bug,Medium
2008,Mysuru,2996.6,40.0,Loam,60.0,Tea,Rabi,Tea Mosquito Bug,Medium
2009,Mysuru,2996.6,40.0,Loam,57.0,Paddy,Rabi,Stem Borer,Medium
2010,Mysuru,2996.6,41.0,Light sandy,57.0,Paddy,Rabi,Stem Borer,Medium
2011,Mysuru,3522.8,41.0,Light sandy,54.0,Paddy,Zaid,Stem Borer,High
2012,Mysuru,3522.8,41.0,Light sandy,54.5,Paddy,Zaid,Stem Borer,High
2013,Mysuru,3522.8,42.0,Light sandy,56.6,Paddy,Zaid,Stem Borer,High
2014,Mysuru,2903.1,42.0,Light sandy,55.5,Paddy,Zaid,Stem Borer,Medium
2015,Mysuru,2903.1,42.0,Light sandy,58.5,Paddy,Zaid,Stem Borer,Medium
2016,Mysuru,2903.1,43.0,Light sandy,59.5,Paddy,Zaid,Stem Borer,Medium
2017,Mysuru,2996.6,27.0,Light sandy,55.0,Paddy,Zaid,Stem Borer,Medium
2016,Mysuru,2996.6,27.0,Light sandy,53.0,Paddy,Zaid,Stem Borer,Medium
2017,Mysuru,2996.6,27.0,Light sandy,53.5,Paddy,Zaid,Stem Borer,Medium
2018,Mysuru,3522.8,27.0,Light sandy,52.5,Paddy,Zaid,Stem Borer,High
2013,Mysuru,3522.8,27.0,Light sandy,56.0,Paddy,Zaid,Stem Borer,High
2014,Mysuru,3522.8,27.0,Light sandy,57.0,Paddy,Zaid,Stem Borer,High
2015,Mysuru,3729.8,27.2,Light sandy,57.5,Paddy,Zaid,Stem Borer,High
2016,Mysuru,3729.8,27.2,Light sandy,57.0,Groundnut,Zaid,Leaf Miner,High
2017,Mysuru,3729.8,27.2,Light sandy,55.0,Groundnut,Zaid,Leaf Miner,High
2018,Mysuru,2746.2,27.0,Light sandy,56.0,Groundnut,Zaid,Leaf Miner,Medium
2004,Kasaragodu,2746.2,27.0,Light sandy,54.0,Groundnut,Zaid,Leaf Miner,Medium
2005,Kasaragodu,2746.2,27.0,Light sandy,58.0,Groundnut,Zaid,Leaf Miner,Medium
2006,Kasaragodu,3360.0,27.0,Light sandy,58.0,Groundnut,Zaid,Leaf Miner,High
2007,Kasaragodu,3360.0,27.0,Light sandy,59.0,Groundnut,Zaid,Leaf Miner,High
2008,Kasaragodu,3360.0,27.0,Light sandy,50.0,Groundnut,Zaid,Leaf Miner,High
2009,Kasaragodu,3605.4,27.2,Light sandy,54.0,Groundnut,Zaid,Leaf Miner,High
2010,Kasaragodu,3605.4,27.2,Light sandy,53.0,Groundnut,Zaid,Leaf Miner,High
2011,Kasaragodu,2903.1,27.2,Light sandy,52.0,Groundnut,Zaid,Leaf Miner,Medium
2012,Kasaragodu,2903.1,27.1,Light sandy,51.0,Groundnut,Zaid,Leaf Miner,Medium
2013,Kasaragodu,2903.1,27.1,Light sandy,57.0,Groundnut,Zaid,Leaf Miner,Medium
2014,Kasaragodu,2996.6,27.1,Light sandy,57.0,Groundnut,Zaid,Leaf Miner,Medium
2015,Kasaragodu,2996.6,26.8,Light sandy,60.0,Groundnut,Zaid,Leaf Miner,Medium
2016,Kasaragodu,2996.6,26.8,Heavy clay,57.0,Blackgram,Zaid,Pod Borer,Medium
2017,Kasaragodu,3522.8,26.8,Heavy clay,57.0,Blackgram,Zaid,Pod Borer,High
2016,Kasaragodu,3522.8,37.0,Heavy clay,54.0,Blackgram,Zaid,Pod Borer,High
2017,Kasaragodu,3522.8,37.0,Heavy clay,54.5,Blackgram,Zaid,Pod Borer,High
2016,Kasaragodu,3729.8,37.0,Heavy clay,56.6,Blackgram,Zaid,Pod Borer,High
2017,Kasaragodu,3729.8,38.0,Heavy clay,55.5,Blackgram,Zaid,Pod Borer,High
2018,Kasaragodu,3729.8,38.0,Heavy clay,58.5,Blackgram,Zaid,Pod Borer,High
2013,Kasaragodu,2746.2,38.0,Heavy clay,59.5,Blackgram,Zaid,Pod Borer,Medium
2014,Kasaragodu,2746.2,39.0,Heavy clay,55.0,Blackgram,Zaid,Pod Borer,Medium
2015,Kasaragodu,2746.2,39.0,Heavy clay,53.0,Blackgram,Zaid,Pod Borer,Medium
2016,Kasaragodu,3360.0,39.0,Heavy clay,53.5,Blackgram,Zaid,Pod Borer,High
2017,Kasaragodu,3360.0,40.0,Heavy clay,52.5,Blackgram,Zaid,Pod Borer,High
2018,Kasaragodu,3360.0,40.0,Heavy clay,56.0,Blackgram,Zaid,Pod Borer,High
2004,Kasaragodu,3605.4,40.0,Heavy clay,59.5,Blackgram,Zaid,Pod Borer,High
2005,Kasaragodu,3605.4,41.0,Heavy clay,55.0,Blackgram,Zaid,Pod Borer,High
2006,Kasaragodu,3605.4,41.0,Heavy clay,53.0,Cashew,Zaid,Tea Mosquito Bug,High
2007,Kasaragodu,3512.4,41.0,Heavy clay,53.5,Cashew,Zaid,Tea Mosquito Bug,High
2008,Kasaragodu,3512.4,42.0,Heavy clay,52.5,Cashew,Zaid,Tea Mosquito Bug,High
2009,Raichur,3512.4,42.0,Heavy clay,56.0,Cashew,Zaid,Tea Mosquito Bug,High
2010,Raichur,3296.0,42.0,Heavy clay,57.0,Cashew,Zaid,Tea Mosquito Bug,High
2011,Raichur,3550.0,43.0,Heavy clay,57.5,Cashew,Zaid,Tea Mosquito Bug,High
2012,Raichur,3550.0,43.0,Heavy clay,57.0,Cashew,Zaid,Tea Mosquito Bug,High
2013,Raichur,3550.0,128.0,Heavy clay,55.0,Cashew,Zaid,Tea Mosquito Bug,High
2014,Raichur,3654.0,129.0,Heavy clay,56.0,Cashew,Zaid,Tea Mosquito Bug,High
2015,Raichur,3654.0,130.0,Heavy clay,54.0,Cashew,Zaid,Tea Mosquito Bug,High
2016,Raichur,3654.0,131.0,Heavy clay,58.0,Cashew,Zaid,Tea Mosquito Bug,High
2017,Raichur,233.0,132.0,Heavy clay,58.0,Cashew,Zaid,Tea Mosquito Bug,Low
2017,Raichur,233.0,133.0,Heavy clay,59.0,Cashew,Zaid,Tea Mosquito Bug,Low
2016,Raichur,233.0,134.0,Heavy clay,50.0,Cashew,Zaid,Tea Mosquito Bug,Low
2017,Raichur,234.0,135.0,Heavy clay,54.0,Cashew,Zaid,Tea Mosquito Bug,Low
2018,Raichur,234.0,136.0,Heavy clay,53.0,Coconut,Zaid,Red Palm Weevil,Low
2013,Raichur,234.0,137.0,Heavy clay,59.5,Coconut,Zaid,Red Palm Weevil,Low
2014,Raichur,3105.0,138.0,Heavy clay,55.0,Coconut,Zaid,Red Palm Weevil,High
2015,Raichur,3105.0,139.0,Heavy clay,53.0,Coconut,Zaid,Red Palm Weevil,High
2016,Raichur,3105.0,140.0,Heavy clay,53.5,Coconut,Zaid,Red Palm Weevil,High
2017,Raichur,236.0,141.0,Heavy clay,52.5,Coconut,Zaid,Red Palm Weevil,Low
2018,Raichur,236.0,142.0,Heavy clay,56.0,Coconut,Zaid,Red Palm Weevil,Low
2004,Raichur,2903.1,143.0,Heavy clay,57.0,Coconut,Zaid,Red Palm Weevil,Medium
2005,Raichur,2903.1,144.0,Heavy clay,57.5,Coconut,Zaid,Red Palm Weevil,Medium
2006,Raichur,2903.1,145.0,Heavy clay,57.0,Coconut,Zaid,Red Palm Weevil,Medium
2007,Raichur,2996.6,146.0,Loam,55.0,Coconut,Zaid,Red Palm Weevil,Medium
2008,Raichur,2996.6,147.0,Loam,56.0,Coconut,Zaid,Red Palm Weevil,Medium
2009,Raichur,2996.6,148.0,Loam,54.0,Coconut,Zaid,Red Palm Weevil,Medium
2010,Raichur,3296.0,149.0,Loam,58.0,Coconut,Zaid,Red Palm Weevil,High
2011,Raichur,3550.0,150.0,Loam,58.0,Coconut,Zaid,Red Palm Weevil,High
2012,Raichur,3550.0,151.0,Loam,59.0,Coconut,Zaid,Red Palm Weevil,High
2013,Raichur,3550.0,152.0,Loam,50.0,Ginger,Zaid,Shoot Borer,High
2014,Raichur,3654.0,153.0,Loam,54.0,Ginger,Zaid,Shoot Borer,High
2015,Gulbarga,3654.0,154.0,Loam,53.0,Ginger,Zaid,Shoot Borer,High
2016,Gulbarga,3654.0,155.0,Loam,59.5,Ginger,Zaid,Shoot Borer,High
2017,Gulbarga,233.0,156.0,Loam,55.0,Ginger,Zaid,Shoot Borer,Low
2004,Gulbarga,233.0,157.0,Loam,53.0,Ginger,Zaid,Shoot Borer,Low
2004,Gulbarga,233.0,158.0,Loam,53.5,Ginger,Zaid,Shoot Borer,Low
2004,Gulbarga,234.0,159.0,Loam,52.5,Ginger,Zaid,Shoot Borer,Low
2004,Gulbarga,234.0,160.0,Loam,56.0,Ginger,Zaid,Shoot Borer,Low
2004,Gulbarga,234.0,161.0,Loam,57.0,Ginger,Zaid,Shoot Borer,Low
2004,Gulbarga,3105.0,162.0,Loam,57.5,Ginger,Zaid,Shoot Borer,High
2004,Gulbarga,3105.0,163.0,Loam,57.0,Ginger,Zaid,Shoot Borer,High
2004,Gulbarga,3105.0,164.0,Loam,55.0,Ginger,Zaid,Shoot Borer,High
2004,Gulbarga,236.0,165.0,Loam,56.0,Ginger,Zaid,Shoot Borer,Low
2004,Gulbarga,236.0,166.0,Loam,54.0,Ginger,Zaid,Shoot Borer,Low
2004,Gulbarga,2903.1,167.0,Loam,57.0,Coconut,Zaid,Red Palm Weevil,Medium
2004,Gulbarga,2903.1,168.0,Loam,57.5,Coconut,Zaid,Red Palm Weevil,Medium
2004,Gulbarga,2903.1,169.0,Loam,57.0,Coconut,Zaid,Red Palm Weevil,Medium
2004,Gulbarga,2996.6,170.0,Loam,55.0,Coconut,Zaid,Red Palm Weevil,Medium
2004,Gulbarga,2996.6,171.0,Loam,56.0,Coconut,Zaid,Red Palm Weevil,Medium
2004,Gulbarga,2996.6,172.0,Loam,54.0,Coconut,Zaid,Red Palm Weevil,Medium
2004,Gulbarga,2903.1,173.0,Loam,58.0,Coconut,Zaid,Red Palm Weevil,Medium
2004,Gulbarga,2903.1,174.0,Loam,58.0,Coconut,Zaid,Red Palm Weevil,Medium
2004,Gulbarga,2903.1,175.0,Loam,59.0,Coconut,Zaid,Red Palm Weevil,Medium
2004,Gulbarga,2996.6,176.0,Loam,50.0,Coconut,Zaid,Red Palm Weevil,Medium
2004,Gulbarga,2996.6,177.0,Dry sandy ,54.0,Coconut,Zaid,Red Palm Weevil,Medium
2004,Gulbarga,2996.6,178.0,Dry sandy ,53.0,Coconut,Zaid,Red Palm Weevil,Medium
2004,Gulbarga,3522.8,179.0,Dry sandy ,52.0,Coconut,Zaid,Red Palm Weevil,High
2004,Gulbarga,3522.8,180.0,Dry sandy ,51.0,Coconut,Zaid,Red Palm Weevil,High
2004,Gulbarga,3522.8,181.0,Dry sandy ,57.0,Coconut,Zaid,Red Palm Weevil,High
2004,Gulbarga,3729.8,182.0,Dry sandy ,57.0,Coconut,Zaid,Red Palm Weevil,High
2004,Gulbarga,3729.8,183.0,Dry sandy ,60.0,Coconut,Zaid,Red Palm Weevil,High
2004,Gulbarga,3729.8,184.0,Dry sandy ,57.0,Coconut,Zaid,Red Palm Weevil,High
2004,Gulbarga,2746.2,185.0,Dry sandy ,57.0,Coconut,Zaid,Red Palm Weevil,Medium
2004,Gulbarga,2746.2,186.0,Dry sandy ,54.0,Coconut,Zaid,Red Palm Weevil,Medium
2004,Gulbarga,2746.2,187.0,Dry sandy ,54.5,Coconut,Zaid,Red Palm Weevil,Medium
2004,Gulbarga,3360.0,188.0,Dry sandy ,56.6,Coconut,Zaid,Red Palm Weevil,High
2004,Gulbarga,3360.0,189.0,Dry sandy ,55.5,Coconut,Zaid,Red Palm Weevil,High
2004,Gulbarga,3360.0,190.0,Dry sandy ,58.5,Coconut,Zaid,Red Palm Weevil,High
2004,Madikeri,3605.4,191.0,Dry sandy ,59.5,Coconut,Zaid,Red Palm Weevil,High
2004,Madikeri,3605.4,192.0,Dry sandy ,55.0,Coconut,Zaid,Red Palm Weevil,High
2004,Madikeri,3605.4,193.0,Dry sandy ,53.0,Coconut,Zaid,Red Palm Weevil,High
2004,Madikeri,3512.4,194.0,Dry sandy ,53.5,Coconut,Zaid,Red Palm Weevil,High
2004,Madikeri,3512.4,195.0,Dry sandy ,52.5,Coconut,Zaid,Red Palm Weevil,High
2004,Madikeri,3512.4,196.0,Dry sandy ,56.0,Coconut,Zaid,Red Palm Weevil,High
2004,Madikeri,3296.0,197.0,Dry sandy ,57.0,Coconut,Zaid,Red Palm Weevil,High
2004,Madikeri,3296.0,198.0,Dry sandy ,57.5,Coconut,Zaid,Red Palm Weevil,High
2004,Madikeri,3296.0,199.0,Dry sandy ,57.0,Coconut,Zaid,Red Palm Weevil,High
2004,Madikeri,3550.0,200.0,Dry sandy ,55.0,Coconut,Zaid,Red Palm Weevil,High
2004,Madikeri,3550.0,201.0,Dry sandy ,56.0,Coconut,Zaid,Red Palm Weevil,High
2004,Madikeri,3550.0,202.0,Dry sandy ,54.0,Coconut,Zaid,Red Palm Weevil,High
2004,Madikeri,3654.0,203.0,Dry sandy ,58.0,Coconut,Zaid,Red Palm Weevil,High
2004,Madikeri,3654.0,204.0,Dry sandy ,58.0,Coconut,Zaid,Red Palm Weevil,High
2004,Madikeri,3654.0,205.0,Dry sandy ,59.0,Coconut,Zaid,Red Palm Weevil,High
2004,Madikeri,233.0,206.0,Dry sandy ,50.0,Coconut,Zaid,Red Palm Weevil,Low
2004,Madikeri,233.0,207.0,Dry sandy ,54.0,Coconut,Zaid,Red Palm Weevil,Low
2004,Madikeri,233.0,208.0,Dry sandy ,53.0,Coconut,Zaid,Red Palm Weevil,Low
2004,Madikeri,234.0,209.0,Dry sandy ,52.0,Coconut,Zaid,Red Palm Weevil,Low
2004,Madikeri,234.0,210.0,Dry sandy ,51.0,Coconut,Zaid,Red Palm Weevil,Low
2004,Madikeri,234.0,211.0,Dry sandy ,57.0,Coconut,Zaid,Red Palm Weevil,Low
2004,Madikeri,3105.0,212.0,Dry sandy ,57.0,Coconut,Zaid,Red Palm Weevil,High
2004,Madikeri,3105.0,213.0,Dry sandy ,60.0,Coconut,Zaid,Red Palm Weevil,High
2004,Madikeri,3105.0,214.0,Dry sandy ,57.0,Coconut,Zaid,Red Palm Weevil,High
2004,Madikeri,236.0,215.0,Dry sandy ,57.0,Coconut,Zaid,Red Palm Weevil,Low
2004,Madikeri,236.0,216.0,Dry sandy ,54.0,Coconut,Zaid,Red Palm Weevil,Low
2004,Madikeri,2903.1,217.0,Dry sandy ,54.5,Coconut,Zaid,Red Palm Weevil,Medium
2004,Madikeri,2903.1,218.0,Dry sandy ,56.6,Coconut,Zaid,Red Palm Weevil,Medium
2004,Madikeri,2903.1,219.0,Dry sandy ,55.5,Coconut,Zaid,Red Palm Weevil,Medium
2004,Madikeri,2996.6,220.0,Dry sandy ,58.5,Coconut,Zaid,Red Palm Weevil,Medium
2004,Chikmangaluru,2996.6,221.0,Dry sandy ,59.5,Coconut,Zaid,Red Palm Weevil,Medium
2004,Chikmangaluru,2996.6,222.0,Dry sandy ,55.0,Coconut,Zaid,Red Palm Weevil,Medium
2004,Chikmangaluru,3522.8,27.0,Dry sandy ,53.0,Coconut,Zaid,Red Palm Weevil,High
2004,Chikmangaluru,3522.8,27.0,Dry sandy ,53.5,Coconut,Zaid,Red Palm Weevil,High
2004,Chikmangaluru,3522.8,27.0,Dry sandy ,52.5,Coconut,Zaid,Red Palm Weevil,High
2004,Chikmangaluru,3729.8,27.0,Dry sandy ,56.0,Coconut,Zaid,Red Palm Weevil,High
2004,Chikmangaluru,3729.8,27.0,Dry sandy ,57.0,Coconut,Zaid,Red Palm Weevil,High
2004,Chikmangaluru,3729.8,27.2,Dry sandy ,57.5,Coconut,Zaid,Red Palm Weevil,High
2004,Chikmangaluru,2746.2,27.2,Dry sandy ,57.0,Coconut,Zaid,Red Palm Weevil,Medium
2004,Chikmangaluru,2746.2,27.2,Dry sandy ,55.0,Coconut,Zaid,Red Palm Weevil,Medium
2004,Chikmangaluru,2746.2,27.0,Dry sandy ,56.0,Coconut,Zaid,Red Palm Weevil,Medium
2004,Chikmangaluru,3360.0,27.0,Dry sandy ,54.0,Coconut,Zaid,Red Palm Weevil,High
2004,Chikmangaluru,3360.0,27.0,Dry sandy ,58.0,Coconut,Zaid,Red Palm Weevil,High
2004,Chikmangaluru,3360.0,27.0,Dry sandy ,58.0,Coconut,Zaid,Red Palm Weevil,High
2004,Chikmangaluru,3605.4,27.0,Dry sandy ,59.0,Coconut,Zaid,Red Palm Weevil,High
2004,Chikmangaluru,3605.4,27.0,Dry sandy ,50.0,Coconut,Zaid,Red Palm Weevil,High
2004,Chikmangaluru,3605.4,27.2,Dry sandy ,54.0,Coconut,Zaid,Red Palm Weevil,High
2004,Chikmangaluru,3512.4,27.2,Dry sandy ,53.0,Coconut,Zaid,Red Palm Weevil,High
2004,Chikmangaluru,3512.4,27.2,Dry sandy ,52.0,Coconut,Zaid,Red Palm Weevil,High
2004,Chikmangaluru,3512.4,27.1,Dry sandy ,51.0,Coconut,Zaid,Red Palm Weevil,High
2004,Chikmangaluru,3296.0,27.1,Dry sandy ,57.0,Coconut,Zaid,Red Palm Weevil,High
2004,Chikmangaluru,3296.0,27.1,Dry sandy ,57.0,Coconut,Zaid,Red Palm Weevil,High
2004,Chikmangaluru,3296.0,26.8,Dry sandy ,60.0,Coconut,Zaid,Red Palm Weevil,High
2004,Chikmangaluru,3550.0,26.8,Dry sandy ,57.0,Coconut,Zaid,Red Palm Weevil,High
2004,Chikmangaluru,3550.0,26.8,Dry sandy ,57.0,Coconut,Zaid,Red Palm Weevil,High
2004,Chikmangaluru,3550.0,37.0,Dry sandy ,54.0,Coconut,Zaid,Red Palm Weevil,High
2004,Chikmangaluru,3654.0,37.0,Dry sandy ,54.5,Coconut,Zaid,Red Palm Weevil,High
2004,Chikmangaluru,3654.0,37.0,Dry sandy ,56.6,Coconut,Zaid,Red Palm Weevil,High
2004,Chikmangaluru,3654.0,38.0,Dry sandy ,55.5,Coconut,Zaid,Red Palm Weevil,High
2004,Chikmangaluru,233.0,38.0,Dry sandy ,58.5,Coconut,Zaid,Red Palm Weevil,Low
2004,Chikmangaluru,233.0,38.0,Dry sandy ,59.5,Coconut,Zaid,Red Palm Weevil,Low
2004,Chikmangaluru,233.0,39.0,Dry sandy ,55.0,Coconut,Zaid,Red Palm Weevil,Low
2004,Chikmangaluru,2903.1,39.0,Dry sandy ,53.0,Coconut,Zaid,Red Palm Weevil,Medium
2004,Chikmangaluru,2903.1,39.0,Dry sandy ,53.5,Coconut,Zaid,Red Palm Weevil,Medium
2004,Chikmangaluru,2903.1,40.0,Dry sandy ,52.5,Coconut,Zaid,Red Palm Weevil,Medium
2004,Chikmangaluru,2996.6,40.0,Dry sandy ,56.0,Coconut,Zaid,Red Palm Weevil,Medium
2004,Chikmangaluru,2996.6,40.0,Dry sandy ,57.0,Coconut,Zaid,Red Palm Weevil,Medium
2004,Chikmangaluru,2996.6,41.0,Dry sandy ,57.5,Coconut,Zaid,Red Palm Weevil,Medium
2004,Chikmangaluru,3522.8,41.0,Dry sandy ,57.0,Coconut,Zaid,Red Palm Weevil,High
2004,Chikmangaluru,3522.8,41.0,Dry sandy ,55.0,Coconut,Zaid,Red Palm Weevil,High
2004,Chikmangaluru,3522.8,42.0,Dry sandy ,56.0,Coconut,Zaid,Red Palm Weevil,High
2004,Chikmangaluru,3729.8,42.0,Dry sandy ,54.0,Coconut,Zaid,Red Palm Weevil,High
2004,Chikmangaluru,3729.8,42.0,Dry sandy ,58.0,Coconut,Zaid,Red Palm Weevil,High
2004,Chikmangaluru,3729.8,43.0,Dry sandy ,58.0,Coconut,Zaid,Red Palm Weevil,High
2004,Chikmangaluru,2746.2,43.0,Dry sandy ,59.0,Coconut,Zaid,Red Palm Weevil,Medium
2004,Chikmangaluru,2746.2,27.0,Dry sandy ,50.0,Coconut,Zaid,Red Palm Weevil,Medium
2004,Chikmangaluru,2746.2,27.0,Dry sandy ,54.0,Coconut,Zaid,Red Palm Weevil,Medium
2004,Chikmangaluru,3360.0,27.0,Dry sandy ,53.0,Coconut,Zaid,Red Palm Weevil,High
2004,Chikmangaluru,3360.0,27.0,Dry sandy ,52.0,Coconut,Zaid,Red Palm Weevil,High
2004,Chikmangaluru,3360.0,27.0,Dry sandy ,51.0,Coconut,Zaid,Red Palm Weevil,High
2004,Chikmangaluru,3605.4,27.0,Dry sandy ,57.0,Coconut,Zaid,Red Palm Weevil,High
2004,Chikmangaluru,3605.4,27.2,Dry sandy ,57.0,Coconut,Zaid,Red Palm Weevil,High
2004,Chikmangaluru,3605.4,27.2,Dry sandy ,60.0,Coconut,Zaid,Red Palm Weevil,High
2004,Chikmangaluru,3512.4,27.2,Dry sandy ,57.0,Coconut,Zaid,Red Palm Weevil,High
2004,Chikmangaluru,3512.4,27.0,Dry sandy ,57.0,Coconut,Zaid,Red Palm Weevil,High
2004,Chikmangaluru,3512.4,27.0,Dry sandy ,54.0,Coconut,Zaid,Red Palm Weevil,High
2004,Chikmangaluru,3296.0,27.0,Laterite,54.5,Coconut,Zaid,Red Palm Weevil,High
2004,Chikmangaluru,3296.0,27.0,Laterite,56.6,Coconut,Zaid,Red Palm Weevil,High
2004,Chikmangaluru,3296.0,27.0,Laterite,55.5,Coconut,Zaid,Red Palm Weevil,High
2004,Chikmangaluru,3550.0,27.0,Laterite,58.5,Coconut,Zaid,Red Palm Weevil,High
2004,Chikmangaluru,3550.0,27.2,Laterite,59.5,Coconut,Zaid,Red Palm Weevil,High
2004,Chikmangaluru,3550.0,27.2,Laterite,55.0,Coconut,Zaid,Red Palm Weevil,High
2004,Chikmangaluru,3654.0,27.2,Laterite,53.0,Coconut,Zaid,Red Palm Weevil,High
2004,Chikmangaluru,3654.0,27.1,Laterite,53.5,Coconut,Zaid,Red Palm Weevil,High
2004,Chikmangaluru,3654.0,27.1,Laterite,52.5,Coconut,Zaid,Red Palm Weevil,High
2013,Chikmangaluru,233.0,27.1,Laterite,56.0,Coconut,Zaid,Red Palm Weevil,Low
2014,Chikmangaluru,233.0,26.8,Laterite,57.0,Coconut,Zaid,Red Palm Weevil,Low
2015,Chikmangaluru,233.0,26.8,Laterite,57.5,Coconut,Zaid,Red Palm Weevil,Low
2016,Chikmangaluru,234.0,26.8,Laterite,57.0,Coconut,Zaid,Red Palm Weevil,Low
2017,Chikmangaluru,234.0,37.0,Laterite,55.0,Coconut,Zaid,Red Palm Weevil,Low
2018,Chikmangaluru,234.0,37.0,Laterite,56.0,Coconut,Zaid,Red Palm Weevil,Low
2004,Chikmangaluru,3105.0,37.0,Laterite,54.0,Coconut,Zaid,Red Palm Weevil,High
2005,Chikmangaluru,3105.0,38.0,Laterite,58.0,Coconut,Zaid,Red Palm Weevil,High
2006,Chikmangaluru,3105.0,38.0,Laterite,58.0,Coconut,Zaid,Red Palm Weevil,High
2007,Chikmangaluru,236.0,38.0,Laterite,59.0,Coconut,Zaid,Red Palm Weevil,Low
2008,Chikmangaluru,236.0,39.0,Laterite,50.0,Coconut,Zaid,Red Palm Weevil,Low
2009,Chikmangaluru,2903.1,39.0,Laterite,54.0,Coconut,Zaid,Red Palm Weevil,Medium
2010,Chikmangaluru,2903.1,39.0,Laterite,53.0,Cocoa,Zaid,Cocoa Pod Borer,Medium
2011,Hassan,2903.1,40.0,Laterite,52.0,Cocoa,Zaid,Cocoa Pod Borer,Medium
2012,Hassan,2996.6,40.0,Laterite,51.0,Cocoa,Zaid,Cocoa Pod Borer,Medium
2013,Hassan,2996.6,40.0,Laterite,57.0,Cocoa,Zaid,Cocoa Pod Borer,Medium
2014,Hassan,2996.6,41.0,Laterite,57.0,Cocoa,Zaid,Cocoa Pod Borer,Medium
2015,Hassan,3522.8,41.0,Laterite,60.0,Cocoa,Zaid,Cocoa Pod Borer,High
2016,Hassan,3522.8,41.0,Laterite,57.0,Coffee,Zaid,Coffee Berry Borer,High
2017,Hassan,3522.8,42.0,Laterite,57.0,Coffee,Zaid,Coffee Berry Borer,High
2018,Hassan,3729.8,42.0,Laterite,54.0,Coffee,Zaid,Coffee Berry Borer,High
2004,Hassan,3729.8,42.0,Laterite,54.5,Coffee,Zaid,Coffee Berry Borer,High
2005,Hassan,3729.8,43.0,Laterite,56.6,Coffee,Zaid,Coffee Berry Borer,High
2006,Hassan,2746.2,27.0,Laterite,55.5,Coffee,Zaid,Coffee Berry Borer,Medium
2007,Hassan,2746.2,27.0,Laterite,58.5,Coffee,Zaid,Coffee Berry Borer,Medium
2008,Hassan,2746.2,27.0,Alluvial,59.5,Coffee,Zaid,Coffee Berry Borer,Medium
2009,Hassan,3360.0,27.0,Alluvial,55.0,Coffee,Zaid,Coffee Berry Borer,High
2010,Hassan,3360.0,27.0,Alluvial,53.0,Coffee,Zaid,Coffee Berry Borer,High
2011,Hassan,3360.0,27.0,Alluvial,53.5,Coffee,Zaid,Coffee Berry Borer,High
2012,Hassan,3605.4,27.0,Alluvial,52.5,Coffee,Zaid,Coffee Berry Borer,High
2013,Hassan,3605.4,27.0,Alluvial,56.0,Coffee,Zaid,Coffee Berry Borer,High
2014,Hassan,3605.4,27.2,Alluvial,57.0,Coffee,Zaid,Coffee Berry Borer,High
2015,Hassan,3512.4,27.2,Alluvial,57.5,Coffee,Zaid,Coffee Berry Borer,High
2016,Hassan,3512.4,27.2,Alluvial,57.0,Cardamum,Zaid,Thrips,High
2017,Hassan,3512.4,27.0,Alluvial,55.0,Cardamum,Zaid,Thrips,High
2018,Hassan,3296.0,27.0,Alluvial,56.0,Cardamum,Zaid,Thrips,High
2004,Hassan,3296.0,27.0,Alluvial,54.0,Cardamum,Zaid,Thrips,High
2005,Hassan,3296.0,27.0,Alluvial,58.0,Cardamum,Zaid,Thrips,High
2006,Hassan,3550.0,27.0,Alluvial,58.0,Cardamum,Zaid,Thrips,High
2007,Hassan,3550.0,27.0,Alluvial,59.0,Cardamum,Zaid,Thrips,High
2008,Hassan,3550.0,27.2,Alluvial,50.0,Cardamum,Zaid,Thrips,High
2009,Hassan,3654.0,27.2,Alluvial,54.0,Cardamum,Zaid,Thrips,High
2010,Hassan,3654.0,27.2,Alluvial,53.0,Cardamum,Zaid,Thrips,High
2011,Hassan,3654.0,27.1,Alluvial,52.0,Cardamum,Zaid,Thrips,High
2012,Hassan,233.0,27.1,Alluvial,51.0,Cardamum,Zaid,Thrips,Low
2013,Hassan,233.0,27.1,Alluvial,57.0,Cardamum,Zaid,Thrips,Low
2014,Hassan,233.0,26.8,Alluvial,57.0,Cardamum,Zaid,Thrips,Low
2015,Hassan,2903.1,26.8,Alluvial,60.0,Cardamum,Zaid,Thrips,Medium
2016,Hassan,2903.1,27.1,Alluvial,57.0,Pepper,Zaid,Pollu Beetle,Medium
2017,Hassan,2903.1,27.1,Alluvial,57.0,Pepper,Kharif,Pollu Beetle,Medium
2018,Hassan,2996.6,26.8,Alluvial,54.0,Pepper,Kharif,Pollu Beetle,Medium
2004,Hassan,2996.6,26.8,Alluvial,54.5,Pepper,Kharif,Pollu Beetle,Medium
2005,Hassan,2996.6,26.8,Alluvial,56.6,Pepper,Kharif,Pollu Beetle,Medium
2006,Hassan,3522.8,37.0,Alluvial,55.5,Pepper,Kharif,Pollu Beetle,High
2007,Hassan,3522.8,37.0,Alluvial,58.5,Pepper,Kharif,Pollu Beetle,High
2008,Hassan,3522.8,37.0,Red,59.5,Pepper,Kharif,Pollu Beetle,High
2009,Hassan,3729.8,38.0,Red,55.0,Pepper,Kharif,Pollu Beetle,High
2010,Hassan,3729.8,38.0,Red,53.0,Pepper,Kharif,Pollu Beetle,High
2011,Hassan,3729.8,38.0,Red,53.5,Pepper,Kharif,Pollu Beetle,High
2012,Hassan,2746.2,39.0,Red,52.5,Pepper,Kharif,Pollu Beetle,Medium
2013,Hassan,2746.2,39.0,Red,56.0,Pepper,Kharif,Pollu Beetle,Medium
2014,Hassan,2746.2,39.0,Red,57.0,Pepper,Kharif,Pollu Beetle,Medium
2015,Hassan,3360.0,40.0,Red,57.5,Pepper,Kharif,Pollu Beetle,High
2016,Hassan,3360.0,40.0,Red,57.0,Arecanut,Kharif,Spindle Bug,High
2017,Hassan,3360.0,40.0,Red,55.0,Arecanut,Kharif,Spindle Bug,High
2018,Hassan,3605.4,41.0,Red,56.0,Arecanut,Kharif,Spindle Bug,High
2004,Hassan,3605.4,41.0,Red,54.0,Arecanut,Kharif,Spindle Bug,High
2005,Hassan,3605.4,41.0,Red,58.0,Arecanut,Kharif,Spindle Bug,High
2006,Hassan,3512.4,42.0,Red,58.0,Arecanut,Kharif,Spindle Bug,High
2007,Hassan,3512.4,42.0,Red,59.0,Arecanut,Kharif,Spindle Bug,High
2008,Hassan,3512.4,27.0,Red,50.0,Arecanut,Kharif,Spindle Bug,High
2009,Hassan,3296.0,27.0,Red,54.0,Arecanut,Kharif,Spindle Bug,High
2010,Hassan,3296.0,27.0,Red,53.0,Arecanut,Kharif,Spindle Bug,High
2011,Hassan,3296.0,27.0,Red,52.0,Arecanut,Kharif,Spindle Bug,High
2012,Hassan,3550.0,27.0,Red,51.0,Arecanut,Kharif,Spindle Bug,High
2013,Hassan,3550.0,27.0,Red,57.0,Arecanut,Kharif,Spindle Bug,High
2014,Hassan,3550.0,27.2,Red,57.0,Arecanut,Kharif,Spindle Bug,High
2015,Hassan,3654.0,27.2,Red,60.0,Arecanut,Kharif,Spindle Bug,High
2016,Hassan,3654.0,27.2,Red,57.0,Ginger,Kharif,Shoot Borer,High
2017,Hassan,3654.0,27.0,Red,57.0,Ginger,Kharif,Shoot Borer,High
2018,Hassan,233.0,27.0,Red,54.0,Ginger,Kharif,Shoot Borer,Low
2004,Hassan,233.0,27.0,Red,54.5,Ginger,Kharif,Shoot Borer,Low
2005,Hassan,233.0,27.0,Red,56.6,Ginger,Kharif,Shoot Borer,Low
2006,Hassan,234.0,27.0,Red,55.5,Ginger,Kharif,Shoot Borer,Low
2007,Hassan,234.0,27.0,Red,58.5,Ginger,Kharif,Shoot Borer,Low
2008,Hassan,234.0,27.2,Red,59.5,Ginger,Kharif,Shoot Borer,Low
2009,Hassan,3105.0,27.2,Red,55.0,Ginger,Kharif,Shoot Borer,High
2010,Hassan,3105.0,27.2,Red,53.0,Ginger,Kharif,Shoot Borer,High
2011,Hassan,3105.0,27.1,Red,53.5,Ginger,Kharif,Shoot Borer,High
2012,Hassan,236.0,27.1,Red,52.5,Ginger,Kharif,Shoot Borer,Low
2013,Hassan,236.0,27.1,Red,56.0,Ginger,Kharif,Shoot Borer,Low
2014,Hassan,2903.1,26.8,Sandy,57.0,Ginger,Kharif,Shoot Borer,Medium
2015,Hassan,2903.1,26.8,Sandy,57.5,Ginger,Kharif,Shoot Borer,Medium
2016,Hassan,2903.1,26.8,Sandy,57.0,Tea,Kharif,Tea Mosquito Bug,Medium
2017,Hassan,2996.6,37.0,Sandy,55.0,Tea,Kharif,Tea Mosquito Bug,Medium
2018,Hassan,2996.6,37.0,Sandy,56.0,Tea,Kharif,Tea Mosquito Bug,Medium
2004,Hassan,2996.6,37.0,Sandy,54.0,Tea,Kharif,Tea Mosquito Bug,Medium
2005,Hassan,3522.8,38.0,Sandy,58.0,Tea,Kharif,Tea Mosquito Bug,High
2006,Hassan,3522.8,38.0,Sandy,58.0,Tea,Kharif,Tea Mosquito Bug,High
2007,Hassan,3522.8,38.0,Sandy,59.0,Tea,Kharif,Tea Mosquito Bug,High
2008,Hassan,3729.8,39.0,Sandy,50.0,Tea,Kharif,Tea Mosquito Bug,High
2009,Hassan,3729.8,39.0,Sandy,54.0,Tea,Kharif,Tea Mosquito Bug,High
2010,Hassan,3729.8,39.0,Sandy,53.0,Tea,Kharif,Tea Mosquito Bug,High
2011,Hassan,2746.2,40.0,Sandy,52.0,Tea,Kharif,Tea Mosquito Bug,Medium
2012,Hassan,2746.2,40.0,Sandy,51.0,Tea,Kharif,Tea Mosquito Bug,Medium
2013,Hassan,2746.2,40.0,Sandy,57.0,Tea,Kharif,Tea Mosquito Bug,Medium
2014,Hassan,3360.0,41.0,Sandy,57.0,Tea,Kharif,Tea Mosquito Bug,High
2015,Hassan,3360.0,41.0,Sandy,60.0,Tea,Kharif,Tea Mosquito Bug,High
2016,Hassan,3360.0,41.0,Sandy,57.0,Paddy,Kharif,Stem Borer,High
2017,Hassan,3605.4,42.0,Sandy,57.0,Paddy,Kharif,Stem Borer,High
2018,Hassan,3605.4,42.0,Sandy,54.0,Paddy,Kharif,Stem Borer,High
2004,Hassan,3605.4,42.0,Sandy,54.5,Paddy,Kharif,Stem Borer,High
2005,Hassan,3512.4,43.0,Sandy,56.6,Paddy,Kharif,Stem Borer,High
2006,Hassan,3512.4,43.0,Sandy,55.5,Paddy,Kharif,Stem Borer,High
2007,Hassan,3512.4,27.0,Sandy,58.5,Paddy,Kharif,Stem Borer,High
2008,Hassan,3296.0,27.0,Sandy,59.5,Paddy,Kharif,Stem Borer,High
2009,Hassan,3296.0,27.0,Sandy,55.0,Paddy,Kharif,Stem Borer,High
2010,Hassan,3296.0,27.0,Sandy,53.0,Paddy,Kharif,Stem Borer,High
2011,Mangalore,3550.0,27.0,Sandy,53.5,Paddy,Kharif,Stem Borer,High
2012,Mangalore,3550.0,27.0,Sandy,52.5,Paddy,Kharif,Stem Borer,High
2013,Mangalore,3550.0,27.2,Sandy,56.0,Paddy,Kharif,Stem Borer,High
2014,Mangalore,3654.0,27.2,Sandy,57.0,Paddy,Kharif,Stem Borer,High
2015,Mangalore,3654.0,27.2,Sandy,57.5,Paddy,Kharif,Stem Borer,High
2016,Mangalore,3654.0,27.0,Sandy,57.0,Groundnut,Kharif,Leaf Miner,High
2017,Mangalore,233.0,27.0,Sandy,55.0,Groundnut,Kharif,Leaf Miner,Low
2018,Mangalore,233.0,27.0,Sandy,56.0,Groundnut,Kharif,Leaf Miner,Low
2004,Mangalore,233.0,27.0,Sandy,54.0,Groundnut,Kharif,Leaf Miner,Low
2005,Mangalore,234.0,27.0,Sandy,58.0,Groundnut,Kharif,Leaf Miner,Low
2006,Mangalore,234.0,27.0,Sandy,58.0,Groundnut,Kharif,Leaf Miner,Low
2007,Mangalore,234.0,27.2,Sandy,59.0,Groundnut,Kharif,Leaf Miner,Low
2008,Mangalore,3105.0,27.2,Sandy,50.0,Groundnut,Kharif,Leaf Miner,High
2009,Mangalore,3105.0,27.2,Sandy,54.0,Groundnut,Kharif,Leaf Miner,High
2010,Mangalore,3105.0,27.1,Sandy,53.0,Groundnut,Kharif,Leaf Miner,High
2011,Mangalore,236.0,27.1,Sandy,52.0,Groundnut,Kharif,Leaf Miner,Low
2012,Mangalore,2903.1,27.1,Sandy,51.0,Groundnut,Kharif,Leaf Miner,Medium
2013,Mangalore,2903.1,26.8,Sandy,57.0,Groundnut,Kharif,Leaf Miner,Medium
2014,Mangalore,2903.1,26.8,Sandy,57.0,Groundnut,Kharif,Leaf Miner,Medium
2015,Mangalore,2996.6,26.8,Sandy,60.0,Groundnut,Kharif,Leaf Miner,Medium
2016,Mangalore,2996.6,37.0,Sandy,57.0,Blackgram,Kharif,Pod Borer,Medium
2017,Mangalore,2996.6,37.0,Sandy,57.0,Blackgram,Kharif,Pod Borer,Medium
2018,Mangalore,3522.8,37.0,Heavy cotton,54.0,Blackgram,Kharif,Pod Borer,High
2004,Mangalore,3522.8,38.0,Heavy cotton,54.5,Blackgram,Kharif,Pod Borer,High
2005,Mangalore,3522.8,38.0,Heavy cotton,56.6,Blackgram,Kharif,Pod Borer,High
2006,Mangalore,3729.8,38.0,Heavy cotton,55.5,Blackgram,Kharif,Pod Borer,High
2007,Mangalore,3729.8,39.0,Heavy cotton,58.5,Blackgram,Kharif,Pod Borer,High
2008,Mangalore,3729.8,39.0,Heavy cotton,59.5,Blackgram,Kharif,Pod Borer,High
2009,Mangalore,2746.2,39.0,Heavy cotton,55.0,Blackgram,Kharif,Pod Borer,Medium
2010,Mangalore,2746.2,40.0,Heavy cotton,53.0,Blackgram,Kharif,Pod Borer,Medium
2011,Mangalore,2746.2,40.0,Heavy cotton,53.5,Blackgram,Kharif,Pod Borer,Medium
2012,Mangalore,3360.0,40.0,Heavy cotton,52.5,Blackgram,Kharif,Pod Borer,High
2013,Mangalore,3360.0,41.0,Heavy cotton,56.0,Blackgram,Kharif,Pod Borer,High
2014,Mangalore,3360.0,41.0,Heavy cotton,59.5,Blackgram,Kharif,Pod Borer,High
2015,Mangalore,3605.4,41.0,Heavy cotton,55.0,Blackgram,Kharif,Pod Borer,High
2016,Mangalore,3605.4,42.0,Heavy cotton,53.0,Cashew,Kharif,Tea Mosquito Bug,High
2017,Mangalore,3605.4,42.0,Heavy cotton,53.5,Cashew,Kharif,Tea Mosquito Bug,High
2018,Mangalore,3512.4,42.0,Heavy cotton,52.5,Cashew,Kharif,Tea Mosquito Bug,High
2004,Mangalore,3512.4,43.0,Heavy cotton,56.0,Cashew,Kharif,Tea Mosquito Bug,High
2005,Mangalore,3512.4,27.0,Heavy cotton,57.0,Cashew,Kharif,Tea Mosquito Bug,High
2006,Mangalore,3296.0,27.0,Heavy cotton,57.5,Cashew,Kharif,Tea Mosquito Bug,High
2007,Mangalore,3296.0,27.0,Heavy cotton,57.0,Cashew,Kharif,Tea Mosquito Bug,High
2008,Mangalore,3296.0,27.0,Heavy cotton,55.0,Cashew,Kharif,Tea Mosquito Bug,High
2009,Mangalore,3550.0,27.0,Heavy cotton,56.0,Cashew,Kharif,Tea Mosquito Bug,High
2010,Mangalore,3550.0,27.0,Heavy cotton,54.0,Cashew,Kharif,Tea Mosquito Bug,High
2011,Mangalore,3550.0,27.2,Heavy cotton,58.0,Cashew,Kharif,Tea Mosquito Bug,High
2012,Mangalore,3654.0,27.2,Heavy cotton,58.0,Cashew,Kharif,Tea Mosquito Bug,High
2013,Mangalore,3654.0,27.2,Heavy cotton,59.0,Cashew,Kharif,Tea Mosquito Bug,High
2014,Mangalore,3654.0,27.0,Heavy cotton,50.0,Cashew,Kharif,Tea Mosquito Bug,High
2015,Mangalore,233.0,27.0,Heavy cotton,54.0,Cashew,Kharif,Tea Mosquito Bug,Low
2016,Mangalore,233.0,27.0,Heavy cotton,53.0,Coconut,Kharif,Red Palm Weevil,Low
2017,Mangalore,233.0,27.0,Heavy cotton,59.5,Coconut,Kharif,Red Palm Weevil,Low
2018,Mangalore,234.0,27.0,Loam,55.0,Coconut,Kharif,Red Palm Weevil,Low
2019,Mangalore,234.0,27.0,Loam,53.0,Coconut,Kharif,Red Palm Weevil,Low
2004,Mangalore,234.0,27.2,Loam,53.5,Coconut,Kharif,Red Palm Weevil,Low
2005,Mangalore,3105.0,27.2,Loam,52.5,Coconut,Kharif,Red Palm Weevil,High
2006,Mangalore,3105.0,27.2,Loam,56.0,Coconut,Rabi,Red Palm Weevil,High
2007,Mangalore,3105.0,27.1,Loam,57.0,Coconut,Rabi,Red Palm Weevil,High
2008,Mangalore,236.0,27.1,Loam,57.5,Coconut,Rabi,Red Palm Weevil,Low
2009,Mangalore,236.0,27.1,Loam,57.0,Coconut,Rabi,Red Palm Weevil,Low
2010,Mangalore,321.0,26.8,Loam,55.0,Coconut,Rabi,Red Palm Weevil,Low
2011,Mangalore,3654.0,26.8,Loam,56.0,Coconut,Rabi,Red Palm Weevil,High
2012,Mangalore,323.0,26.8,Loam,54.0,Coconut,Rabi,Red Palm Weevil,Low
2013,Mangalore,324.0,37.0,Loam,58.0,Coconut,Rabi,Red Palm Weevil,Low
2014,Mangalore,3105.0,37.0,Loam,58.0,Coconut,Rabi,Red Palm Weevil,High
2015,Mangalore,326.0,37.0,Loam,59.0,Coconut,Rabi,Red Palm Weevil,Low
2016,Mangalore,327.0,38.0,Loam,50.0,Ginger,Rabi,Shoot Borer,Low
2017,Mangalore,328.0,38.0,Loam,54.0,Ginger,Rabi,Shoot Borer,Low
2018,Mangalore,2903.1,38.0,Loam,53.0,Ginger,Rabi,Shoot Borer,Medium
2012,Mangalore,2903.1,39.0,Loam,59.5,Ginger,Rabi,Shoot Borer,Medium
2013,Mangalore,2903.1,39.0,Loam,55.0,Ginger,Rabi,Shoot Borer,Medium
2014,Mangalore,2996.6,39.0,Loam,53.0,Ginger,Rabi,Shoot Borer,Medium
2015,Mangalore,2996.6,40.0,Loam,53.5,Ginger,Rabi,Shoot Borer,Medium
2016,Mangalore,2996.6,40.0,Sandy loam,52.5,Ginger,Rabi,Shoot Borer,Medium
2017,Mangalore,3522.8,40.0,Sandy loam,56.0,Ginger,Rabi,Shoot Borer,High
2018,Mangalore,3522.8,41.0,Sandy loam,57.0,Ginger,Rabi,Shoot Borer,High
2019,Mangalore,3522.8,41.0,Sandy loam,57.5,Ginger,Rabi,Shoot Borer,High
2004,Mangalore,3729.8,41.0,Sandy loam,57.0,Ginger,Rabi,Shoot Borer,High
2005,Mangalore,3729.8,42.0,Sandy loam,55.0,Ginger,Rabi,Shoot Borer,High
2006,Mangalore,3729.8,42.0,Sandy loam,56.0,Ginger,Rabi,Shoot Borer,High
2007,Mangalore,2746.2,42.0,Sandy loam,54.0,Ginger,Rabi,Shoot Borer,Medium
2008,Mangalore,2746.2,43.0,Sandy loam,57.0,Coconut,Rabi,Red Palm Weevil,Medium
2009,Mangalore,2746.2,43.0,Sandy loam,57.5,Coconut,Rabi,Red Palm Weevil,Medium
2010,Kodagu,3360.0,128.0,Sandy loam,57.0,Coconut,Rabi,Red Palm Weevil,High
2011,Kodagu,3360.0,129.0,Sandy loam,55.0,Coconut,Rabi,Red Palm Weevil,High
2012,Kodagu,3360.0,130.0,Sandy loam,56.0,Coconut,Rabi,Red Palm Weevil,High
2013,Kodagu,3605.4,131.0,Sandy loam,54.0,Coconut,Rabi,Red Palm Weevil,High
2014,Kodagu,3605.4,132.0,Sandy loam,58.0,Coconut,Rabi,Red Palm Weevil,High
2015,Kodagu,3605.4,133.0,Sandy loam,58.0,Coconut,Rabi,Red Palm Weevil,High
2016,Kodagu,3512.4,134.0,Sandy loam,59.0,Coconut,Rabi,Red Palm Weevil,High
2017,Kodagu,3512.4,135.0,Sandy loam,50.0,Coconut,Rabi,Red Palm Weevil,High
2018,Kodagu,3512.4,136.0,Sandy loam,54.0,Coconut,Rabi,Red Palm Weevil,High
2011,Kodagu,3296.0,137.0,Sandy loam,53.0,Coconut,Rabi,Red Palm Weevil,High
2012,Kodagu,3296.0,138.0,Sandy loam,52.0,Coconut,Rabi,Red Palm Weevil,High
2013,Kodagu,3296.0,139.0,Sandy loam,51.0,Coconut,Rabi,Red Palm Weevil,High
2014,Kodagu,3550.0,140.0,Sandy loam,57.0,Coconut,Rabi,Red Palm Weevil,High
2015,Kodagu,3550.0,141.0,Sandy loam,57.0,Coconut,Rabi,Red Palm Weevil,High
2016,Kodagu,3550.0,142.0,Sandy loam,60.0,Coconut,Rabi,Red Palm Weevil,High
2017,Kodagu,3654.0,143.0,Sandy loam,57.0,Coconut,Rabi,Red Palm Weevil,High
2018,Kodagu,3654.0,144.0,Sandy clay loam,57.0,Coconut,Rabi,Red Palm Weevil,High
2004,Kodagu,3654.0,145.0,Sandy clay loam,54.0,Coconut,Rabi,Red Palm Weevil,High
2005,Kodagu,233.0,146.0,Sandy clay loam,54.5,Coconut,Rabi,Red Palm Weevil,Low
2006,Kodagu,233.0,147.0,Sandy clay loam,56.6,Coconut,Rabi,Red Palm Weevil,Low
2007,Mysuru,233.0,148.0,Sandy clay loam,55.5,Coconut,Rabi,Red Palm Weevil,Low
2008,Mysuru,234.0,149.0,Sandy clay loam,58.5,Coconut,Rabi,Red Palm Weevil,Low
2009,Mysuru,234.0,150.0,Sandy clay loam,59.5,Coconut,Rabi,Red Palm Weevil,Low
2010,Mysuru,234.0,151.0,Sandy clay loam,55.0,Coconut,Rabi,Red Palm Weevil,Low
2011,Mysuru,3105.0,152.0,Sandy clay loam,53.0,Coconut,Rabi,Red Palm Weevil,High
2012,Mysuru,3105.0,153.0,Sandy clay loam,53.5,Coconut,Rabi,Red Palm Weevil,High
2013,Mysuru,3105.0,154.0,Sandy clay loam,52.5,Coconut,Rabi,Red Palm Weevil,High
2014,Mysuru,236.0,155.0,Sandy clay loam,56.0,Coconut,Rabi,Red Palm Weevil,Low
2015,Mysuru,236.0,156.0,Sandy clay loam,57.0,Coconut,Rabi,Red Palm Weevil,Low
2016,Mysuru,2903.1,157.0,Sandy clay loam,57.5,Coconut,Rabi,Red Palm Weevil,Medium
2017,Mysuru,2903.1,158.0,Sandy clay loam,57.0,Coconut,Rabi,Red Palm Weevil,Medium
2018,Mysuru,2903.1,159.0,Sandy clay loam,55.0,Coconut,Rabi,Red Palm Weevil,Medium
2004,Mysuru,2996.6,160.0,Sandy clay loam,56.0,Coconut,Rabi,Red Palm Weevil,Medium
2005,Mysuru,2996.6,161.0,Sandy clay loam,54.0,Coconut,Rabi,Red Palm Weevil,Medium
2012,Mysuru,2996.6,162.0,Sandy clay loam,58.0,Coconut,Rabi,Red Palm Weevil,Medium
2013,Mysuru,3522.8,163.0,Sandy clay loam,58.0,Coconut,Rabi,Red Palm Weevil,High
2014,Mysuru,3522.8,164.0,Sandy clay loam,59.0,Coconut,Rabi,Red Palm Weevil,High
2015,Mysuru,3522.8,165.0,Sandy clay loam,50.0,Coconut,Rabi,Red Palm Weevil,High
2016,Mysuru,2903.1,166.0,Sandy clay loam,54.0,Coconut,Rabi,Red Palm Weevil,Medium
2017,Kasaragodu,2903.1,167.0,Sandy clay loam,53.0,Coconut,Rabi,Red Palm Weevil,Medium
2018,Kasaragodu,2903.1,168.0,Sandy clay loam,52.0,Coconut,Rabi,Red Palm Weevil,Medium
2004,Kasaragodu,2996.6,169.0,Clay loam,51.0,Coconut,Rabi,Red Palm Weevil,Medium
2005,Kasaragodu,2996.6,170.0,Clay loam,57.0,Coconut,Rabi,Red Palm Weevil,Medium
2006,Kasaragodu,2996.6,171.0,Clay loam,57.0,Coconut,Rabi,Red Palm Weevil,Medium
2007,Kasaragodu,3522.8,172.0,Clay loam,60.0,Coconut,Rabi,Red Palm Weevil,High
2008,Kasaragodu,3522.8,173.0,Clay loam,57.0,Coconut,Rabi,Red Palm Weevil,High
2009,Kasaragodu,3522.8,174.0,Clay loam,57.0,Coconut,Rabi,Red Palm Weevil,High
2010,Kasaragodu,3729.8,175.0,Clay loam,54.0,Coconut,Rabi,Red Palm Weevil,High
2011,Kasaragodu,3729.8,176.0,Clay loam,54.5,Coconut,Rabi,Red Palm Weevil,High
2012,Kasaragodu,3729.8,177.0,Clay loam,56.6,Coconut,Rabi,Red Palm Weevil,High
2013,Kasaragodu,2746.2,178.0,Clay loam,55.5,Coconut,Rabi,Red Palm Weevil,Medium
2014,Kasaragodu,2746.2,179.0,Clay loam,58.5,Coconut,Rabi,Red Palm Weevil,Medium
2015,Kasaragodu,2746.2,180.0,Clay loam,59.5,Coconut,Rabi,Red Palm Weevil,Medium
2016,Kasaragodu,3360.0,181.0,Clay loam,55.0,Coconut,Rabi,Red Palm Weevil,High
2017,Kasaragodu,3360.0,182.0,Clay loam,53.0,Coconut,Rabi,Red Palm Weevil,High
2018,Kasaragodu,3360.0,183.0,Clay loam,53.5,Coconut,Rabi,Red Palm Weevil,High
2019,Kasaragodu,3605.4,184.0,Clay loam,52.5,Coconut,Rabi,Red Palm Weevil,High
2004,Kasaragodu,3605.4,185.0,Clay loam,56.0,Coconut,Rabi,Red Palm Weevil,High
2013,Kasaragodu,3605.4,186.0,Clay loam,57.0,Coconut,Rabi,Red Palm Weevil,High
2014,Kasaragodu,3512.4,187.0,Clay loam,57.5,Coconut,Rabi,Red Palm Weevil,High
2015,Kasaragodu,3512.4,188.0,Clay loam,57.0,Coconut,Rabi,Red Palm Weevil,High
2016,Kasaragodu,3512.4,189.0,Clay loam,55.0,Coconut,Rabi,Red Palm Weevil,High
2017,Kasaragodu,3296.0,190.0,Clay loam,56.0,Coconut,Rabi,Red Palm Weevil,High
2018,Kasaragodu,3296.0,191.0,Clay loam,54.0,Coconut,Rabi,Red Palm Weevil,High
2004,Kasaragodu,3296.0,192.0,Clay loam,58.0,Coconut,Rabi,Red Palm Weevil,High
2005,Kasaragodu,3550.0,193.0,Clay loam,58.0,Coconut,Rabi,Red Palm Weevil,High
2006,Kasaragodu,3550.0,194.0,Clay loam,59.0,Coconut,Rabi,Red Palm Weevil,High
2007,Kasaragodu,3550.0,195.0,Well drained,50.0,Coconut,Rabi,Red Palm Weevil,High
2008,Kasaragodu,3654.0,196.0,Well drained,54.0,Coconut,Rabi,Red Palm Weevil,High
2009,Kasaragodu,3654.0,197.0,Well drained,53.0,Coconut,Rabi,Red Palm Weevil,High
2010,Kasaragodu,3654.0,198.0,Well drained,52.0,Coconut,Rabi,Red Palm Weevil,High
2011,Raichur,233.0,199.0,Well drained,51.0,Coconut,Rabi,Red Palm Weevil,Low
2012,Raichur,233.0,200.0,Well drained,57.0,Coconut,Rabi,Red Palm Weevil,Low
2013,Raichur,233.0,201.0,Well drained,57.0,Coconut,Rabi,Red Palm Weevil,Low
2014,Raichur,234.0,202.0,Well drained,60.0,Coconut,Rabi,Red Palm Weevil,Low
2015,Raichur,234.0,203.0,Well drained,57.0,Coconut,Rabi,Red Palm Weevil,Low
2016,Raichur,234.0,204.0,Well drained,57.0,Coconut,Rabi,Red Palm Weevil,Low
2017,Raichur,3105.0,205.0,Well drained,54.0,Coconut,Rabi,Red Palm Weevil,High
2018,Raichur,3105.0,206.0,Well drained,54.5,Coconut,Rabi,Red Palm Weevil,High
2013,Raichur,3105.0,207.0,Well drained,56.6,Coconut,Rabi,Red Palm Weevil,High
2014,Raichur,236.0,208.0,Well drained,55.5,Coconut,Rabi,Red Palm Weevil,Low
2015,Raichur,236.0,209.0,Well drained,58.5,Coconut,Rabi,Red Palm Weevil,Low
2016,Raichur,2903.1,210.0,Well drained,59.5,Coconut,Rabi,Red Palm Weevil,Medium
2017,Raichur,2903.1,211.0,Well drained,55.0,Coconut,Rabi,Red Palm Weevil,Medium
2018,Raichur,2903.1,212.0,Well drained,53.0,Coconut,Rabi,Red Palm Weevil,Medium
2004,Raichur,2996.6,213.0,Well drained,53.5,Coconut,Rabi,Red Palm Weevil,Medium
2005,Raichur,2996.6,214.0,Well drained,52.5,Coconut,Rabi,Red Palm Weevil,Medium
2006,Raichur,2996.6,215.0,Well drained,56.0,Coconut,Rabi,Red Palm Weevil,Medium
2007,Raichur,3522.8,216.0,Well drained,57.0,Coconut,Rabi,Red Palm Weevil,High
2008,Raichur,3522.8,217.0,Well drained,57.5,Coconut,Rabi,Red Palm Weevil,High
2009,Raichur,3522.8,218.0,Sandy loam,57.0,Coconut,Rabi,Red Palm Weevil,High
2010,Raichur,2903.1,219.0,Sandy loam,55.0,Coconut,Rabi,Red Palm Weevil,Medium
2011,Raichur,2903.1,220.0,Sandy loam,56.0,Coconut,Rabi,Red Palm Weevil,Medium
2012,Raichur,2903.1,221.0,Sandy loam,54.0,Coconut,Rabi,Red Palm Weevil,Medium
2013,Raichur,2996.6,222.0,Sandy loam,58.0,Coconut,Rabi,Red Palm Weevil,Medium
2014,Raichur,2996.6,27.0,Sandy loam,58.0,Coconut,Rabi,Red Palm Weevil,Medium
2015,Raichur,2996.6,27.0,Sandy loam,59.0,Coconut,Rabi,Red Palm Weevil,Medium
2016,Raichur,3522.8,27.0,Sandy loam,50.0,Coconut,Rabi,Red Palm Weevil,High
2017,Gulbarga,3522.8,27.0,Sandy loam,54.0,Coconut,Rabi,Red Palm Weevil,High
2018,Gulbarga,3522.8,27.0,Sandy loam,53.0,Coconut,Rabi,Red Palm Weevil,High
2015,Gulbarga,3729.8,27.2,Sandy loam,52.0,Coconut,Rabi,Red Palm Weevil,High
2016,Gulbarga,3729.8,27.2,Sandy loam,51.0,Coconut,Rabi,Red Palm Weevil,High
2017,Gulbarga,3729.8,27.2,Sandy loam,57.0,Coconut,Rabi,Red Palm Weevil,High
2018,Gulbarga,2746.2,27.0,Sandy loam,57.0,Coconut,Rabi,Red Palm Weevil,Medium
2013,Gulbarga,2746.2,27.0,Sandy loam,60.0,Coconut,Rabi,Red Palm Weevil,Medium
2014,Gulbarga,2746.2,27.0,Sandy loam,57.0,Coconut,Rabi,Red Palm Weevil,Medium
2015,Gulbarga,3360.0,27.0,Sandy loam,57.0,Coconut,Rabi,Red Palm Weevil,High
2016,Gulbarga,3360.0,27.0,Sandy loam,54.0,Coconut,Rabi,Red Palm Weevil,High
2017,Gulbarga,3360.0,27.0,Sandy loam,54.5,Coconut,Rabi,Red Palm Weevil,High
2018,Gulbarga,3605.4,27.2,Sandy loam,56.6,Coconut,Rabi,Red Palm Weevil,High
2004,Gulbarga,3605.4,27.2,Sandy loam,55.5,Coconut,Rabi,Red Palm Weevil,High
2005,Gulbarga,3605.4,27.2,Sandy loam,58.5,Coconut,Rabi,Red Palm Weevil,High
2006,Gulbarga,3512.4,27.1,Sandy loam,59.5,Coconut,Rabi,Red Palm Weevil,High
2007,Gulbarga,3512.4,27.1,Sandy loam,55.0,Coconut,Rabi,Red Palm Weevil,High
2008,Gulbarga,3512.4,27.1,Sandy loam,53.0,Coconut,Rabi,Red Palm Weevil,High
2009,Gulbarga,3296.0,26.8,Sandy loam,53.5,Coconut,Rabi,Red Palm Weevil,High
2010,Gulbarga,3296.0,26.8,Sandy loam,52.5,Coconut,Rabi,Red Palm Weevil,High
2011,Gulbarga,3296.0,26.8,Sandy loam,56.0,Coconut,Rabi,Red Palm Weevil,High
2012,Gulbarga,3550.0,37.0,Sandy loam,57.0,Coconut,Rabi,Red Palm Weevil,High
2013,Gulbarga,3550.0,37.0,Sandy loam,57.5,Coconut,Rabi,Red Palm Weevil,High
2014,Gulbarga,3550.0,37.0,Sandy loam,57.0,Coconut,Rabi,Red Palm Weevil,High
2015,Gulbarga,3654.0,38.0,Sandy loam,55.0,Coconut,Rabi,Red Palm Weevil,High
2016,Gulbarga,3654.0,38.0,Clay loam,56.0,Coconut,Rabi,Red Palm Weevil,High
2017,Gulbarga,3654.0,38.0,Clay loam,54.0,Coconut,Rabi,Red Palm Weevil,High
2016,Gulbarga,233.0,39.0,Clay loam,58.0,Coconut,Rabi,Red Palm Weevil,Low
2017,Gulbarga,233.0,39.0,Clay loam,58.0,Coconut,Rabi,Red Palm Weevil,Low
2018,Gulbarga,233.0,39.0,Clay loam,59.0,Coconut,Rabi,Red Palm Weevil,Low
2013,Gulbarga,234.0,40.0,Clay loam,50.0,Coconut,Rabi,Red Palm Weevil,Low
2014,Gulbarga,234.0,40.0,Clay loam,54.0,Coconut,Rabi,Red Palm Weevil,Low
2015,Gulbarga,234.0,40.0,Clay loam,53.0,Cocoa,Rabi,Cocoa Pod Borer,Low
2016,Gulbarga,3105.0,41.0,Clay loam,52.0,Cocoa,Rabi,Cocoa Pod Borer,High
2017,Gulbarga,3105.0,41.0,Clay loam,51.0,Cocoa,Rabi,Cocoa Pod Borer,High
2018,Gulbarga,3105.0,41.0,Clay loam,57.0,Cocoa,Rabi,Cocoa Pod Borer,High
2004,Gulbarga,236.0,42.0,Clay loam,57.0,Cocoa,Rabi,Cocoa Pod Borer,Low
2005,Gulbarga,236.0,42.0,Clay loam,60.0,Cocoa,Rabi,Cocoa Pod Borer,Low
2006,Gulbarga,2903.1,42.0,Clay loam,57.0,Coffee,Rabi,Coffee Berry Borer,Medium
2007,Gulbarga,2903.1,43.0,Clay loam,57.0,Coffee,Rabi,Coffee Berry Borer,Medium
2008,Madikeri,2903.1,43.0,Clay loam,54.0,Coffee,Rabi,Coffee Berry Borer,Medium
2009,Madikeri,2996.6,27.0,Clay loam,54.5,Coffee,Rabi,Coffee Berry Borer,Medium
2010,Madikeri,2996.6,27.0,Clay loam,56.6,Coffee,Rabi,Coffee Berry Borer,Medium
2011,Madikeri,2996.6,27.0,Clay loam,55.5,Coffee,Rabi,Coffee Berry Borer,Medium
2012,Madikeri,3522.8,27.0,Clay loam,58.5,Coffee,Rabi,Coffee Berry Borer,High
2013,Madikeri,3522.8,27.0,Clay loam,59.5,Coffee,Rabi,Coffee Berry Borer,High
2014,Madikeri,3522.8,27.0,Clay loam,55.0,Coffee,Rabi,Coffee Berry Borer,High
2015,Madikeri,2903.1,27.2,Clay loam,53.0,Coffee,Rabi,Coffee Berry Borer,Medium
2016,Madikeri,2903.1,27.2,Clay loam,53.5,Coffee,Rabi,Coffee Berry Borer,Medium
2017,Madikeri,2903.1,27.2,Clay loam,52.5,Coffee,Rabi,Coffee Berry Borer,Medium
2016,Madikeri,2996.6,27.0,Clay loam,56.0,Coffee,Rabi,Coffee Berry Borer,Medium
2017,Madikeri,2996.6,27.0,Clay loam,57.0,Coffee,Rabi,Coffee Berry Borer,Medium
2016,Madikeri,2996.6,27.0,Clay loam,57.5,Coffee,Rabi,Coffee Berry Borer,Medium
2017,Madikeri,3522.8,27.0,Clay loam,57.0,Cardamum,Rabi,Thrips,High
2018,Madikeri,3522.8,27.0,Clay loam,55.0,Cardamum,Rabi,Thrips,High
2013,Madikeri,3522.8,27.0,Clay loam,56.0,Cardamum,Rabi,Thrips,High
2014,Madikeri,3729.8,27.2,Clay loam,54.0,Cardamum,Rabi,Thrips,High
2015,Madikeri,3729.8,27.2,Clay loam,58.0,Cardamum,Rabi,Thrips,High
2016,Madikeri,3729.8,27.2,Drained loam,58.0,Cardamum,Rabi,Thrips,High
2017,Madikeri,2746.2,27.1,Drained loam,59.0,Cardamum,Rabi,Thrips,Medium
2018,Madikeri,2746.2,27.1,Drained loam,50.0,Cardamum,Rabi,Thrips,Medium
2004,Madikeri,2746.2,27.1,Drained loam,54.0,Cardamum,Rabi,Thrips,Medium
2005,Madikeri,3360.0,26.8,Drained loam,53.0,Cardamum,Rabi,Thrips,High
2006,Madikeri,3360.0,26.8,Drained loam,52.0,Cardamum,Rabi,Thrips,High
2007,Madikeri,3360.0,26.8,Drained loam,51.0,Cardamum,Rabi,Thrips,High
2008,Madikeri,3605.4,37.0,Drained loam,57.0,Cardamum,Rabi,Thrips,High
2009,Madikeri,3605.4,37.0,Drained loam,57.0,Cardamum,Rabi,Thrips,High
2010,Madikeri,2903.1,37.0,Drained loam,60.0,Cardamum,Rabi,Thrips,Medium
2011,Madikeri,2903.1,38.0,Drained loam,57.0,Pepper,Rabi,Pollu Beetle,Medium
2012,Madikeri,2903.1,38.0,Drained loam,57.0,Pepper,Rabi,Pollu Beetle,Medium
2013,Madikeri,2996.6,38.0,Drained loam,54.0,Pepper,Rabi,Pollu Beetle,Medium
2014,Madikeri,2996.6,39.0,Drained loam,54.5,Pepper,Rabi,Pollu Beetle,Medium
2015,Madikeri,2996.6,39.0,Drained loam,56.6,Pepper,Rabi,Pollu Beetle,Medium
2016,Chikmangaluru,3522.8,39.0,Drained loam,55.5,Pepper,Rabi,Pollu Beetle,High
2017,Chikmangaluru,3522.8,40.0,Drained loam,58.5,Pepper,Rabi,Pollu Beetle,High
2017,Chikmangaluru,3522.8,40.0,Drained loam,59.5,Pepper,Rabi,Pollu Beetle,High
2016,Chikmangaluru,3729.8,40.0,Drained loam,55.0,Pepper,Rabi,Pollu Beetle,High
2017,Chikmangaluru,2903.1,41.0,Drained loam,53.0,Pepper,Rabi,Pollu Beetle,Medium
2018,Chikmangaluru,2903.1,41.0,Drained loam,53.5,Pepper,Rabi,Pollu Beetle,Medium
2013,Chikmangaluru,2903.1,41.0,Drained loam,52.5,Pepper,Rabi,Pollu Beetle,Medium
2014,Chikmangaluru,2996.6,42.0,Drained loam,56.0,Pepper,Rabi,Pollu Beetle,Medium
2015,Chikmangaluru,2996.6,42.0,Drained loam,57.0,Pepper,Rabi,Pollu Beetle,Medium
2016,Chikmangaluru,2996.6,42.0,Drained loam,57.5,Pepper,Rabi,Pollu Beetle,Medium
2017,Chikmangaluru,3522.8,43.0,Drained loam,57.0,Arecanut,Rabi,Spindle Bug,High
2018,Chikmangaluru,3522.8,27.0,Drained loam,55.0,Arecanut,Rabi,Spindle Bug,High
2004,Chikmangaluru,3522.8,27.0,Drained loam,56.0,Arecanut,Rabi,Spindle Bug,High
2005,Chikmangaluru,3729.8,27.0,Drained loam,54.0,Arecanut,Rabi,Spindle Bug,High
2006,Chikmangaluru,3729.8,27.0,Drained loam,58.0,Arecanut,Rabi,Spindle Bug,High
2007,Chikmangaluru,3729.8,27.0,Drained loam,58.0,Arecanut,Rabi,Spindle Bug,High
2008,Chikmangaluru,2746.2,27.0,Drained loam,59.0,Arecanut,Rabi,Spindle Bug,Medium
2009,Chikmangaluru,2746.2,27.0,Drained loam,50.0,Arecanut,Rabi,Spindle Bug,Medium
2010,Chikmangaluru,2746.2,27.0,Drained loam,54.0,Arecanut,Rabi,Spindle Bug,Medium
2011,Chikmangaluru,3360.0,27.2,Drained loam,53.0,Arecanut,Rabi,Spindle Bug,High
2012,Chikmangaluru,3360.0,27.2,Clay loam,52.0,Arecanut,Rabi,Spindle Bug,High
2013,Chikmangaluru,3360.0,27.2,Clay loam,51.0,Arecanut,Rabi,Spindle Bug,High
2014,Chikmangaluru,3605.4,27.0,Clay loam,57.0,Arecanut,Rabi,Spindle Bug,High
2015,Chikmangaluru,3605.4,27.0,Clay loam,57.0,Arecanut,Rabi,Spindle Bug,High
2016,Chikmangaluru,3605.4,27.0,Clay loam,60.0,Arecanut,Rabi,Spindle Bug,High
2017,Chikmangaluru,3512.4,27.0,Clay loam,57.0,Ginger,Rabi,Shoot Borer,High
2004,Chikmangaluru,3512.4,27.0,Clay loam,57.0,Ginger,Rabi,Shoot Borer,High
2004,Chikmangaluru,3512.4,27.0,Clay loam,54.0,Ginger,Rabi,Shoot Borer,High
2004,Chikmangaluru,3296.0,27.2,Clay loam,54.5,Ginger,Rabi,Shoot Borer,High
2004,Chikmangaluru,3296.0,27.2,Clay loam,56.6,Ginger,Rabi,Shoot Borer,High
2004,Chikmangaluru,3296.0,27.2,Clay loam,55.5,Ginger,Rabi,Shoot Borer,High
2004,Chikmangaluru,3550.0,27.1,Clay loam,58.5,Ginger,Rabi,Shoot Borer,High
2004,Chikmangaluru,3550.0,27.1,Clay loam,59.5,Ginger,Rabi,Shoot Borer,High
2004,Chikmangaluru,3550.0,27.1,Clay loam,55.0,Ginger,Rabi,Shoot Borer,High
2004,Chikmangaluru,3654.0,26.8,Clay loam,53.0,Ginger,Rabi,Shoot Borer,High
2004,Chikmangaluru,3654.0,26.8,Clay loam,53.5,Ginger,Rabi,Shoot Borer,High
2004,Chikmangaluru,3654.0,27.1,Clay loam,52.5,Ginger,Rabi,Shoot Borer,High
2004,Chikmangaluru,233.0,27.1,Clay loam,56.0,Ginger,Rabi,Shoot Borer,Low
2004,Chikmangaluru,233.0,26.8,Clay loam,57.0,Ginger,Rabi,Shoot Borer,Low
2004,Chikmangaluru,233.0,26.8,Clay loam,57.5,Ginger,Rabi,Shoot Borer,Low
2004,Chikmangaluru,234.0,26.8,Clay loam,57.0,Tea,Rabi,Tea Mosquito Bug,Low
2004,Chikmangaluru,234.0,37.0,Clay loam,55.0,Tea,Rabi,Tea Mosquito Bug,Low
2004,Chikmangaluru,234.0,37.0,Clay loam,56.0,Tea,Rabi,Tea Mosquito Bug,Low
2004,Chikmangaluru,3105.0,37.0,Clay loam,54.0,Tea,Rabi,Tea Mosquito Bug,High
2004,Chikmangaluru,3105.0,38.0,Clay loam,58.0,Tea,Rabi,Tea Mosquito Bug,High
2004,Chikmangaluru,3105.0,38.0,Clay loam,58.0,Tea,Rabi,Tea Mosquito Bug,High
2004,Chikmangaluru,236.0,38.0,Clay loam,59.0,Tea,Rabi,Tea Mosquito Bug,Low
2004,Chikmangaluru,236.0,39.0,Clay loam,50.0,Tea,Rabi,Tea Mosquito Bug,Low
2004,Chikmangaluru,2903.1,39.0,Clay loam,54.0,Tea,Rabi,Tea Mosquito Bug,Medium
2004,Chikmangaluru,2903.1,39.0,Clay loam,53.0,Tea,Rabi,Tea Mosquito Bug,Medium
2004,Chikmangaluru,2903.1,40.0,Clay loam,52.0,Tea,Rabi,Tea Mosquito Bug,Medium
2004,Chikmangaluru,2996.6,40.0,Clay loam,51.0,Tea,Rabi,Tea Mosquito Bug,Medium
2004,Chikmangaluru,2996.6,40.0,Clay loam,57.0,Tea,Rabi,Tea Mosquito Bug,Medium
2004,Hassan,2996.6,41.0,Clay loam,57.0,Tea,Rabi,Tea Mosquito Bug,Medium
2004,Hassan,3522.8,41.0,Clay loam,60.0,Tea,Rabi,Tea Mosquito Bug,High
2004,Hassan,3522.8,41.0,Clay loam,57.0,Paddy,Rabi,Stem Borer,High
2004,Hassan,3522.8,42.0,Clay loam,57.0,Paddy,Rabi,Stem Borer,High
2004,Hassan,3729.8,42.0,Clay loam,54.0,Paddy,Rabi,Stem Borer,High
2004,Hassan,3729.8,42.0,Clay loam,54.5,Paddy,Rabi,Stem Borer,High
2004,Hassan,3729.8,43.0,Clay loam,56.6,Paddy,Rabi,Stem Borer,High
2004,Hassan,2746.2,27.0,Clay loam,55.5,Paddy,Rabi,Stem Borer,Medium
2004,Hassan,2746.2,27.0,Clay loam,58.5,Paddy,Rabi,Stem Borer,Medium
2004,Hassan,2746.2,27.0,Clay loam,59.5,Paddy,Rabi,Stem Borer,Medium
2004,Hassan,3360.0,27.0,Clay loam,55.0,Paddy,Rabi,Stem Borer,High
2004,Hassan,3360.0,27.0,Clay loam,53.0,Paddy,Rabi,Stem Borer,High
2004,Hassan,3360.0,27.0,Clay loam,53.5,Paddy,Rabi,Stem Borer,High
2004,Hassan,3605.4,27.2,Clay loam,52.5,Paddy,Rabi,Stem Borer,High
2004,Hassan,3605.4,27.2,Clay loam,56.0,Paddy,Rabi,Stem Borer,High
2004,Hassan,3605.4,27.2,Clay loam,57.0,Paddy,Rabi,Stem Borer,High
2004,Hassan,3512.4,27.0,Clay loam,57.5,Paddy,Rabi,Stem Borer,High
2004,Hassan,3512.4,27.0,Drained loam,57.0,Groundnut,Rabi,Leaf Miner,High
2004,Hassan,3512.4,27.0,Drained loam,55.0,Groundnut,Rabi,Leaf Miner,High
2004,Hassan,3296.0,27.0,Drained loam,56.0,Groundnut,Rabi,Leaf Miner,High
2004,Hassan,3296.0,27.0,Drained loam,54.0,Groundnut,Rabi,Leaf Miner,High
2004,Hassan,3296.0,27.0,Drained loam,58.0,Groundnut,Rabi,Leaf Miner,High
2004,Hassan,3550.0,27.2,Drained loam,58.0,Groundnut,Rabi,Leaf Miner,High
2004,Hassan,3550.0,27.2,Drained loam,59.0,Groundnut,Rabi,Leaf Miner,High
2004,Hassan,3550.0,27.2,Drained loam,50.0,Groundnut,Rabi,Leaf Miner,High
2004,Hassan,3654.0,27.1,Drained loam,54.0,Groundnut,Rabi,Leaf Miner,High
2004,Hassan,3654.0,27.1,Drained loam,53.0,Groundnut,Rabi,Leaf Miner,High
2004,Hassan,3654.0,27.1,Drained loam,52.0,Groundnut,Rabi,Leaf Miner,High
2004,Hassan,233.0,26.8,Drained loam,51.0,Groundnut,Rabi,Leaf Miner,Low
2004,Hassan,233.0,26.8,Drained loam,57.0,Groundnut,Rabi,Leaf Miner,Low
2004,Hassan,233.0,26.8,Drained loam,57.0,Groundnut,Rabi,Leaf Miner,Low
2004,Hassan,234.0,37.0,Drained loam,60.0,Groundnut,Rabi,Leaf Miner,Low
2004,Hassan,234.0,37.0,Drained loam,57.0,Blackgram,Rabi,Pod Borer,Low
2004,Hassan,234.0,37.0,Drained loam,57.0,Blackgram,Rabi,Pod Borer,Low
2004,Hassan,3105.0,38.0,Drained loam,54.0,Blackgram,Rabi,Pod Borer,High
2004,Hassan,3105.0,38.0,Drained loam,54.5,Blackgram,Rabi,Pod Borer,High
2004,Hassan,3105.0,38.0,Drained loam,56.6,Blackgram,Rabi,Pod Borer,High
2004,Hassan,236.0,39.0,Drained loam,55.5,Blackgram,Rabi,Pod Borer,Low
2004,Hassan,2903.1,39.0,Drained loam,58.5,Blackgram,Rabi,Pod Borer,Medium
2004,Hassan,2903.1,39.0,Drained loam,59.5,Blackgram,Rabi,Pod Borer,Medium
2004,Hassan,2903.1,40.0,Drained loam,55.0,Blackgram,Rabi,Pod Borer,Medium
2004,Hassan,2996.6,40.0,Drained loam,53.0,Blackgram,Rabi,Pod Borer,Medium
2004,Hassan,2996.6,40.0,Drained loam,53.5,Blackgram,Rabi,Pod Borer,Medium
2004,Hassan,2996.6,41.0,Drained loam,52.5,Blackgram,Rabi,Pod Borer,Medium
2004,Hassan,3522.8,41.0,Drained loam,56.0,Blackgram,Rabi,Pod Borer,High
2004,Hassan,3522.8,41.0,Drained loam,59.5,Blackgram,Rabi,Pod Borer,High
2004,Hassan,3522.8,42.0,Drained loam,55.0,Blackgram,Rabi,Pod Borer,High
2004,Hassan,3729.8,42.0,Drained loam,53.0,Cashew,Rabi,Tea Mosquito Bug,High
2004,Hassan,3729.8,42.0,Drained loam,53.5,Cashew,Rabi,Tea Mosquito Bug,High
2004,Hassan,3729.8,43.0,Drained loam,52.5,Cashew,Rabi,Tea Mosquito Bug,High
2004,Hassan,2746.2,43.0,Drained loam,56.0,Cashew,Rabi,Tea Mosquito Bug,Medium
2004,Mangalore,2746.2,27.0,Drained loam,57.0,Cashew,Rabi,Tea Mosquito Bug,Medium
2004,Mangalore,2746.2,27.0,Drained loam,57.5,Cashew,Rabi,Tea Mosquito Bug,Medium
2004,Mangalore,3360.0,27.0,Drained loam,57.0,Cashew,Rabi,Tea Mosquito Bug,High
2004,Mangalore,3360.0,27.0,Drained loam,55.0,Cashew,Rabi,Tea Mosquito Bug,High
2004,Mangalore,3360.0,27.0,Drained loam,56.0,Cashew,Rabi,Tea Mosquito Bug,High
2004,Mangalore,3605.4,27.0,Drained loam,54.0,Cashew,Rabi,Tea Mosquito Bug,High
2004,Mangalore,3605.4,27.2,Drained loam,58.0,Cashew,Rabi,Tea Mosquito Bug,High
2004,Mangalore,3605.4,27.2,Drained loam,58.0,Cashew,Rabi,Tea Mosquito Bug,High
2004,Mangalore,3512.4,27.2,Drained loam,59.0,Cashew,Rabi,Tea Mosquito Bug,High
2004,Mangalore,3512.4,27.0,Drained loam,50.0,Cashew,Rabi,Tea Mosquito Bug,High
2004,Mangalore,3512.4,27.0,Drained loam,54.0,Cashew,Rabi,Tea Mosquito Bug,High
2004,Mangalore,3296.0,27.0,Drained loam,53.0,Coconut,Rabi,Red Palm Weevil,High
2004,Mangalore,3296.0,27.0,Drained loam,59.5,Coconut,Rabi,Red Palm Weevil,High
2004,Mangalore,3296.0,27.0,Drained loam,55.0,Coconut,Rabi,Red Palm Weevil,High
2004,Kodagu,3550.0,27.0,Drained loam,53.0,Coconut,Rabi,Red Palm Weevil,High
2004,Kodagu,3550.0,27.2,Drained loam,53.5,Coconut,Rabi,Red Palm Weevil,High
2004,Kodagu,3550.0,27.2,Red ,52.5,Coconut,Rabi,Red Palm Weevil,High
2004,Kodagu,3654.0,27.2,Red ,56.0,Coconut,Rabi,Red Palm Weevil,High
2004,Kodagu,3654.0,27.1,Red ,57.0,Coconut,Rabi,Red Palm Weevil,High
2004,Kodagu,3654.0,27.1,Red ,57.5,Coconut,Rabi,Red Palm Weevil,High
2004,Kodagu,233.0,27.1,Red ,57.0,Coconut,Rabi,Red Palm Weevil,Low
2004,Kodagu,233.0,26.8,Red ,55.0,Coconut,Rabi,Red Palm Weevil,Low
2004,Kodagu,233.0,26.8,Red ,56.0,Coconut,Rabi,Red Palm Weevil,Low
2004,Kodagu,234.0,26.8,Red ,54.0,Coconut,Rabi,Red Palm Weevil,Low
2004,Kodagu,234.0,37.0,Red ,58.0,Coconut,Rabi,Red Palm Weevil,Low
2004,Kodagu,234.0,37.0,Red ,58.0,Coconut,Rabi,Red Palm Weevil,Low
2004,Kodagu,3105.0,37.0,Red ,59.0,Coconut,Rabi,Red Palm Weevil,High
2004,Kasaragodu,3105.0,38.0,Red ,50.0,Ginger,Rabi,Shoot Borer,High
2004,Kasaragodu,3105.0,38.0,Red ,54.0,Ginger,Rabi,Shoot Borer,High
2004,Kasaragodu,236.0,38.0,Red ,53.0,Ginger,Rabi,Shoot Borer,Low
2004,Kasaragodu,236.0,39.0,Red ,59.5,Ginger,Rabi,Shoot Borer,Low
2004,Kasaragodu,321.0,39.0,Red ,55.0,Ginger,Rabi,Shoot Borer,Low
2004,Kasaragodu,3654.0,39.0,Red ,53.0,Ginger,Rabi,Shoot Borer,High
2004,Kasaragodu,323.0,41.0,Red ,53.5,Ginger,Rabi,Shoot Borer,Low
2004,Kasaragodu,324.0,42.0,Red ,52.5,Ginger,Rabi,Shoot Borer,Low
2004,Kasaragodu,3105.0,42.0,Red ,56.0,Ginger,Rabi,Shoot Borer,High
2004,Kasaragodu,326.0,42.0,Red ,57.0,Ginger,Rabi,Shoot Borer,Low
2004,Kasaragodu,327.0,43.0,Red ,57.5,Ginger,Rabi,Shoot Borer,Low
2004,Kasaragodu,328.0,43.0,Red ,57.0,Ginger,Rabi,Shoot Borer,Low
2004,Kasaragodu,2903.1,128.0,Red ,55.0,Ginger,Rabi,Shoot Borer,Medium
2004,Kasaragodu,2903.1,129.0,Red ,56.0,Ginger,Rabi,Shoot Borer,Medium
2004,Kasaragodu,2903.1,130.0,Red ,54.0,Ginger,Rabi,Shoot Borer,Medium
2004,Raichur,2996.6,131.0,Red ,57.0,Coconut,Rabi,Red Palm Weevil,Medium
2004,Raichur,2996.6,132.0,Red ,57.5,Coconut,Rabi,Red Palm Weevil,Medium
2004,Raichur,2996.6,133.0,Red ,57.0,Coconut,Rabi,Red Palm Weevil,Medium
2004,Raichur,3522.8,134.0,Red ,55.0,Coconut,Rabi,Red Palm Weevil,High
2004,Raichur,3522.8,135.0,Red ,56.0,Coconut,Rabi,Red Palm Weevil,High
2004,Raichur,3522.8,136.0,Alluvial,54.0,Coconut,Rabi,Red Palm Weevil,High
2004,Raichur,3729.8,137.0,Alluvial,58.0,Coconut,Rabi,Red Palm Weevil,High
2004,Raichur,3729.8,138.0,Alluvial,58.0,Coconut,Rabi,Red Palm Weevil,High
2004,Raichur,3729.8,139.0,Alluvial,59.0,Coconut,Rabi,Red Palm Weevil,High
2013,Raichur,2746.2,140.0,Alluvial,50.0,Coconut,Rabi,Red Palm Weevil,Medium
2014,Raichur,2746.2,141.0,Alluvial,54.0,Coconut,Rabi,Red Palm Weevil,Medium
2015,Raichur,2746.2,142.0,Alluvial,53.0,Coconut,Rabi,Red Palm Weevil,Medium
2016,Raichur,3360.0,143.0,Alluvial,52.0,Coconut,Rabi,Red Palm Weevil,High
2017,Raichur,3360.0,144.0,Alluvial,51.0,Coconut,Rabi,Red Palm Weevil,High
2018,Raichur,3360.0,145.0,Alluvial,57.0,Coconut,Rabi,Red Palm Weevil,High
2004,Raichur,3605.4,146.0,Alluvial,57.0,Coconut,Rabi,Red Palm Weevil,High
2005,Raichur,3605.4,147.0,Alluvial,60.0,Coconut,Rabi,Red Palm Weevil,High
2006,Raichur,3605.4,148.0,Alluvial,57.0,Coconut,Rabi,Red Palm Weevil,High
2007,Raichur,3512.4,149.0,Alluvial,57.0,Coconut,Rabi,Red Palm Weevil,High
2008,Raichur,3512.4,150.0,Alluvial,54.0,Coconut,Rabi,Red Palm Weevil,High
2009,Gulbarga,3512.4,151.0,Alluvial,54.5,Coconut,Rabi,Red Palm Weevil,High
2010,Gulbarga,3296.0,152.0,Alluvial,56.6,Coconut,Rabi,Red Palm Weevil,High
2011,Gulbarga,3296.0,153.0,Alluvial,55.5,Coconut,Rabi,Red Palm Weevil,High
2012,Gulbarga,3296.0,154.0,Alluvial,58.5,Coconut,Rabi,Red Palm Weevil,High
2013,Gulbarga,3550.0,155.0,Alluvial,59.5,Coconut,Rabi,Red Palm Weevil,High
2014,Gulbarga,3550.0,156.0,Alluvial,55.0,Coconut,Rabi,Red Palm Weevil,High
2015,Gulbarga,3550.0,157.0,Alluvial,53.0,Coconut,Rabi,Red Palm Weevil,High
2016,Gulbarga,3654.0,158.0,Alluvial,53.5,Coconut,Rabi,Red Palm Weevil,High
2017,Gulbarga,3654.0,159.0,Alluvial,52.5,Coconut,Rabi,Red Palm Weevil,High
2018,Gulbarga,3654.0,160.0,Alluvial,56.0,Coconut,Rabi,Red Palm Weevil,High
2004,Gulbarga,233.0,161.0,Alluvial,57.0,Coconut,Rabi,Red Palm Weevil,Low
2005,Gulbarga,233.0,162.0,Alluvial,57.5,Coconut,Rabi,Red Palm Weevil,Low
2006,Gulbarga,233.0,163.0,Alluvial,57.0,Coconut,Rabi,Red Palm Weevil,Low
2007,Gulbarga,234.0,164.0,Alluvial,55.0,Coconut,Rabi,Red Palm Weevil,Low
2008,Gulbarga,234.0,165.0,Alluvial,56.0,Coconut,Rabi,Red Palm Weevil,Low
2009,Gulbarga,234.0,166.0,Alluvial,54.0,Coconut,Rabi,Red Palm Weevil,Low
2010,Gulbarga,3105.0,167.0,Alluvial,58.0,Coconut,Rabi,Red Palm Weevil,High
2011,Gulbarga,3105.0,168.0,Alluvial,58.0,Coconut,Rabi,Red Palm Weevil,High
2012,Gulbarga,3105.0,169.0,Laterite,59.0,Coconut,Rabi,Red Palm Weevil,High
2013,Gulbarga,236.0,170.0,Laterite,50.0,Coconut,Rabi,Red Palm Weevil,Low
2014,Gulbarga,236.0,171.0,Laterite,54.0,Coconut,Rabi,Red Palm Weevil,Low
2015,Gulbarga,2903.1,172.0,Laterite,53.0,Coconut,Rabi,Red Palm Weevil,Medium
2016,Gulbarga,2903.1,173.0,Laterite,52.0,Coconut,Rabi,Red Palm Weevil,Medium
2017,Gulbarga,2903.1,174.0,Laterite,51.0,Coconut,Rabi,Red Palm Weevil,Medium
2018,Gulbarga,2996.6,175.0,Laterite,57.0,Coconut,Rabi,Red Palm Weevil,Medium
2004,Gulbarga,2996.6,176.0,Laterite,57.0,Coconut,Rabi,Red Palm Weevil,Medium
2005,Gulbarga,2996.6,177.0,Laterite,60.0,Coconut,Rabi,Red Palm Weevil,Medium
2006,Gulbarga,3522.8,178.0,Laterite,57.0,Coconut,Rabi,Red Palm Weevil,High
2007,Gulbarga,3522.8,179.0,Laterite,57.0,Coconut,Rabi,Red Palm Weevil,High
2008,Gulbarga,3522.8,180.0,Laterite,54.0,Coconut,Rabi,Red Palm Weevil,High
2009,Gulbarga,2903.1,181.0,Laterite,54.5,Coconut,Rabi,Red Palm Weevil,Medium
2010,Gulbarga,2903.1,182.0,Laterite,56.6,Coconut,Rabi,Red Palm Weevil,Medium
2011,Gulbarga,2903.1,183.0,Laterite,55.5,Coconut,Rabi,Red Palm Weevil,Medium
2012,Gulbarga,2996.6,184.0,Laterite,58.5,Coconut,Rabi,Red Palm Weevil,Medium
2013,Gulbarga,2996.6,185.0,Laterite,59.5,Coconut,Rabi,Red Palm Weevil,Medium
2014,Gulbarga,2996.6,186.0,Laterite,55.0,Coconut,Rabi,Red Palm Weevil,Medium
2015,Gulbarga,3522.8,187.0,Laterite,53.0,Coconut,Rabi,Red Palm Weevil,High
2016,Gulbarga,3522.8,188.0,Laterite,53.5,Coconut,Rabi,Red Palm Weevil,High
2017,Gulbarga,3522.8,189.0,Laterite,52.5,Coconut,Rabi,Red Palm Weevil,High
2018,Gulbarga,3729.8,190.0,Laterite,56.0,Coconut,Rabi,Red Palm Weevil,High
2004,Gulbarga,3729.8,191.0,Laterite,57.0,Coconut,Rabi,Red Palm Weevil,High
2005,Gulbarga,3729.8,192.0,Laterite,57.5,Coconut,Rabi,Red Palm Weevil,High
2006,Gulbarga,2746.2,193.0,Laterite,57.0,Coconut,Rabi,Red Palm Weevil,Medium
2007,Gulbarga,2746.2,194.0,Laterite,55.0,Coconut,Rabi,Red Palm Weevil,Medium
2008,Gulbarga,2746.2,195.0,Laterite,56.0,Coconut,Rabi,Red Palm Weevil,Medium
2009,Gulbarga,3360.0,196.0,Laterite,54.0,Coconut,Rabi,Red Palm Weevil,High
2010,Gulbarga,3360.0,197.0,Laterite,58.0,Coconut,Rabi,Red Palm Weevil,High
2011,Gulbarga,3360.0,198.0,Laterite,58.0,Coconut,Rabi,Red Palm Weevil,High
2012,Gulbarga,3605.4,199.0,Black,59.0,Coconut,Rabi,Red Palm Weevil,High
2013,Gulbarga,3605.4,200.0,Black,50.0,Coconut,Rabi,Red Palm Weevil,High
2014,Gulbarga,3605.4,201.0,Black,54.0,Coconut,Rabi,Red Palm Weevil,High
2015,Gulbarga,3512.4,202.0,Black,53.0,Coconut,Rabi,Red Palm Weevil,High
2016,Gulbarga,3512.4,203.0,Black,52.0,Coconut,Rabi,Red Palm Weevil,High
2017,Gulbarga,3512.4,204.0,Black,51.0,Coconut,Rabi,Red Palm Weevil,High
2018,Gulbarga,3296.0,205.0,Sandy loam,57.0,Coconut,Rabi,Red Palm Weevil,High
2004,Gulbarga,3296.0,206.0,Sandy loam,57.0,Coconut,Rabi,Red Palm Weevil,High
2005,Gulbarga,3296.0,207.0,Sandy loam,60.0,Coconut,Rabi,Red Palm Weevil,High
2006,Gulbarga,3550.0,208.0,Sandy loam,57.0,Coconut,Rabi,Red Palm Weevil,High
2007,Gulbarga,3550.0,209.0,Sandy loam,57.0,Coconut,Rabi,Red Palm Weevil,High
2008,Gulbarga,3550.0,210.0,Sandy loam,54.0,Coconut,Rabi,Red Palm Weevil,High
2009,Gulbarga,3654.0,211.0,Sandy loam,54.5,Coconut,Rabi,Red Palm Weevil,High
2010,Gulbarga,3654.0,212.0,Sandy loam,56.6,Coconut,Rabi,Red Palm Weevil,High
2011,Gulbarga,3654.0,213.0,Sandy loam,55.5,Coconut,Rabi,Red Palm Weevil,High
2012,Gulbarga,233.0,214.0,Sandy loam,58.5,Coconut,Rabi,Red Palm Weevil,Low
2013,Gulbarga,233.0,215.0,Sandy loam,59.5,Coconut,Rabi,Red Palm Weevil,Low
2014,Gulbarga,233.0,216.0,Sandy loam,55.0,Coconut,Rabi,Red Palm Weevil,Low
2015,Gulbarga,234.0,217.0,Sandy loam,53.0,Coconut,Rabi,Red Palm Weevil,Low
2016,Gulbarga,234.0,218.0,Sandy loam,53.5,Coconut,Rabi,Red Palm Weevil,Low
2017,Gulbarga,234.0,219.0,Sandy loam,52.5,Coconut,Rabi,Red Palm Weevil,Low
2018,Gulbarga,3105.0,220.0,Sandy loam,56.0,Coconut,Rabi,Red Palm Weevil,High
2004,Gulbarga,3105.0,221.0,Sandy loam,57.0,Coconut,Rabi,Red Palm Weevil,High
2005,Gulbarga,3105.0,222.0,Sandy loam,57.5,Coconut,Rabi,Red Palm Weevil,High
2006,Gulbarga,236.0,27.0,Sandy loam,57.0,Coconut,Rabi,Red Palm Weevil,Low
2007,Gulbarga,236.0,27.0,Sandy loam,55.0,Coconut,Rabi,Red Palm Weevil,Low
2008,Gulbarga,2903.1,27.0,Sandy loam,56.0,Coconut,Rabi,Red Palm Weevil,Medium
2009,Gulbarga,2903.1,27.0,Sandy loam,54.0,Coconut,Rabi,Red Palm Weevil,Medium
2010,Gulbarga,2903.1,27.0,Sandy loam,58.0,Coconut,Rabi,Red Palm Weevil,Medium
2011,Gulbarga,2996.6,27.2,Sandy loam,58.0,Coconut,Rabi,Red Palm Weevil,Medium
2012,Gulbarga,2996.6,27.2,Sandy loam,59.0,Coconut,Rabi,Red Palm Weevil,Medium
2013,Gulbarga,2996.6,27.2,Sandy loam,50.0,Coconut,Rabi,Red Palm Weevil,Medium
2014,Gulbarga,3522.8,27.0,Sandy loam,54.0,Coconut,Rabi,Red Palm Weevil,High
2015,Gulbarga,3522.8,27.0,Sandy loam,53.0,Coconut,Rabi,Red Palm Weevil,High
2016,Gulbarga,3522.8,27.0,Sandy loam,52.0,Coconut,Rabi,Red Palm Weevil,High
2017,Gulbarga,2903.1,27.0,Sandy loam,51.0,Coconut,Rabi,Red Palm Weevil,Medium
2018,Gulbarga,2903.1,27.0,Sandy loam,57.0,Coconut,Rabi,Red Palm Weevil,Medium
2004,Gulbarga,2903.1,27.0,Sandy loam,57.0,Coconut,Rabi,Red Palm Weevil,Medium
2005,Gulbarga,2996.6,27.2,Sandy loam,60.0,Coconut,Rabi,Red Palm Weevil,Medium
2006,Gulbarga,2996.6,27.2,Sandy loam,57.0,Coconut,Rabi,Red Palm Weevil,Medium
2007,Gulbarga,2996.6,27.2,Sandy loam,57.0,Coconut,Rabi,Red Palm Weevil,Medium
2008,Gulbarga,3522.8,27.1,Clay loam,54.0,Coconut,Rabi,Red Palm Weevil,High
2009,Gulbarga,3522.8,27.1,Red ,54.5,Coconut,Rabi,Red Palm Weevil,High
2010,Gulbarga,3522.8,27.1,Red ,56.6,Coconut,Rabi,Red Palm Weevil,High
2011,Gulbarga,3729.8,26.8,Red ,55.5,Coconut,Rabi,Red Palm Weevil,High
2012,Gulbarga,3729.8,26.8,Red ,58.5,Coconut,Rabi,Red Palm Weevil,High
2013,Gulbarga,3729.8,26.8,Red ,59.5,Coconut,Rabi,Red Palm Weevil,High
2014,Gulbarga,2746.2,37.0,Red ,55.0,Coconut,Rabi,Red Palm Weevil,Medium
2015,Gulbarga,2746.2,37.0,Red ,53.0,Coconut,Rabi,Red Palm Weevil,Medium
2016,Gulbarga,2746.2,37.0,Red ,53.5,Coconut,Rabi,Red Palm Weevil,Medium
2017,Gulbarga,3360.0,38.0,Red ,52.5,Coconut,Rabi,Red Palm Weevil,High
2018,Gulbarga,3360.0,38.0,Red ,56.0,Coconut,Rabi,Red Palm Weevil,High
2004,Gulbarga,3360.0,38.0,Red ,57.0,Coconut,Rabi,Red Palm Weevil,High
2005,Gulbarga,3605.4,39.0,Red ,57.5,Coconut,Rabi,Red Palm Weevil,High
2006,Gulbarga,3605.4,39.0,Red ,57.0,Coconut,Rabi,Red Palm Weevil,High
2007,Gulbarga,3605.4,39.0,Red ,55.0,Coconut,Rabi,Red Palm Weevil,High
2008,Gulbarga,3512.4,40.0,Red ,56.0,Coconut,Rabi,Red Palm Weevil,High
2009,Madikeri,3512.4,40.0,Red ,54.0,Coconut,Rabi,Red Palm Weevil,High
2010,Madikeri,3512.4,40.0,Red ,58.0,Coconut,Rabi,Red Palm Weevil,High
2011,Madikeri,3296.0,41.0,Red ,58.0,Coconut,Rabi,Red Palm Weevil,High
2012,Madikeri,3296.0,41.0,Red ,59.0,Coconut,Rabi,Red Palm Weevil,High
2013,Madikeri,3296.0,41.0,Red ,50.0,Coconut,Rabi,Red Palm Weevil,High
2014,Madikeri,3550.0,42.0,Red ,54.0,Coconut,Rabi,Red Palm Weevil,High
2015,Madikeri,3550.0,42.0,Red ,53.0,Cocoa,Rabi,Cocoa Pod Borer,High
2016,Madikeri,3550.0,42.0,Red ,52.0,Cocoa,Rabi,Cocoa Pod Borer,High
2017,Madikeri,3654.0,43.0,Red ,51.0,Cocoa,Rabi,Cocoa Pod Borer,High
2018,Madikeri,3654.0,43.0,Red ,57.0,Cocoa,Rabi,Cocoa Pod Borer,High
2004,Madikeri,3654.0,27.0,Red ,57.0,Cocoa,Rabi,Cocoa Pod Borer,High
2005,Madikeri,233.0,27.0,Red ,60.0,Cocoa,Rabi,Cocoa Pod Borer,Low
2006,Madikeri,233.0,27.0,Red ,57.0,Coffee,Rabi,Coffee Berry Borer,Low
2007,Madikeri,233.0,27.0,Red ,57.0,Coffee,Rabi,Coffee Berry Borer,Low
2008,Madikeri,234.0,27.0,Red ,54.0,Coffee,Rabi,Coffee Berry Borer,Low
2009,Madikeri,234.0,27.0,Red ,54.5,Coffee,Rabi,Coffee Berry Borer,Low
2010,Madikeri,234.0,27.2,Red ,56.6,Coffee,Rabi,Coffee Berry Borer,Low
2011,Madikeri,3105.0,27.2,Red ,55.5,Coffee,Rabi,Coffee Berry Borer,High
2012,Madikeri,3105.0,27.2,Black,58.5,Coffee,Rabi,Coffee Berry Borer,High
2013,Madikeri,3105.0,27.0,Black,59.5,Coffee,Rabi,Coffee Berry Borer,High
2014,Madikeri,236.0,27.0,Black,55.0,Coffee,Rabi,Coffee Berry Borer,Low
2015,Madikeri,236.0,27.0,Black,53.0,Coffee,Rabi,Coffee Berry Borer,Low
2016,Madikeri,2903.1,27.0,Black,53.5,Coffee,Rabi,Coffee Berry Borer,Medium
2017,Madikeri,2903.1,27.0,Black,52.5,Coffee,Rabi,Coffee Berry Borer,Medium
2018,Madikeri,2903.1,27.0,Black,56.0,Coffee,Rabi,Coffee Berry Borer,Medium
2004,Madikeri,2996.6,27.2,Black,57.0,Coffee,Rabi,Coffee Berry Borer,Medium
2005,Madikeri,2996.6,27.2,Black,57.5,Coffee,Rabi,Coffee Berry Borer,Medium
2006,Madikeri,2996.6,27.2,Black,57.0,Cardamum,Rabi,Thrips,Medium
2007,Hassan,3522.8,27.1,Black,55.0,Cardamum,Rabi,Thrips,High
2008,Hassan,3522.8,27.1,Black,56.0,Cardamum,Rabi,Thrips,High
2009,Hassan,3522.8,27.1,Black,54.0,Cardamum,Rabi,Thrips,High
2010,Hassan,2903.1,26.8,Black,58.0,Cardamum,Rabi,Thrips,Medium
2011,Hassan,2903.1,26.8,Black,58.0,Cardamum,Rabi,Thrips,Medium
2012,Hassan,2903.1,26.8,Black,59.0,Cardamum,Rabi,Thrips,Medium
2013,Hassan,2996.6,37.0,Black,50.0,Cardamum,Rabi,Thrips,Medium
2014,Hassan,2996.6,37.0,Black,54.0,Cardamum,Rabi,Thrips,Medium
2015,Hassan,2996.6,37.0,Black,53.0,Cardamum,Rabi,Thrips,Medium
2016,Hassan,3522.8,38.0,Black,52.0,Cardamum,Rabi,Thrips,High
2017,Hassan,3522.8,38.0,Black,51.0,Cardamum,Rabi,Thrips,High
2018,Hassan,3522.8,38.0,Black,57.0,Cardamum,Rabi,Thrips,High
2004,Hassan,3729.8,39.0,Black,57.0,Cardamum,Rabi,Thrips,High
2005,Hassan,3729.8,39.0,Black,60.0,Cardamum,Rabi,Thrips,High
2006,Hassan,3729.8,39.0,Black,57.0,Pepper,Rabi,Pollu Beetle,High
2007,Hassan,2746.2,40.0,Black,57.0,Pepper,Rabi,Pollu Beetle,Medium
2008,Hassan,2746.2,40.0,Black,54.0,Pepper,Rabi,Pollu Beetle,Medium
2009,Hassan,2746.2,27.0,Black,54.5,Pepper,Rabi,Pollu Beetle,Medium
2010,Hassan,3360.0,27.0,Black,56.6,Pepper,Rabi,Pollu Beetle,High
2011,Hassan,3360.0,27.0,Black,55.5,Pepper,Rabi,Pollu Beetle,High
2012,Hassan,3360.0,27.0,Black,58.5,Pepper,Rabi,Pollu Beetle,High
2013,Hassan,3605.4,27.0,Gravelly sand,59.5,Pepper,Rabi,Pollu Beetle,High
2014,Hassan,3605.4,27.0,Gravelly sand,55.0,Pepper,Rabi,Pollu Beetle,High
2015,Hassan,2903.1,27.2,Gravelly sand,53.0,Pepper,Rabi,Pollu Beetle,Medium
2016,Hassan,2903.1,27.2,Gravelly sand,53.5,Pepper,Rabi,Pollu Beetle,Medium
2017,Hassan,2903.1,27.2,Gravelly sand,52.5,Pepper,Rabi,Pollu Beetle,Medium
2018,Hassan,2996.6,27.0,Gravelly sand,56.0,Pepper,Rabi,Pollu Beetle,Medium
2019,Hassan,2996.6,27.0,Gravelly sand,57.0,Pepper,Rabi,Pollu Beetle,Medium
2004,Hassan,2996.6,27.0,Gravelly sand,57.5,Pepper,Rabi,Pollu Beetle,Medium
2005,Hassan,3522.8,27.0,Gravelly sand,57.0,Arecanut,Rabi,Spindle Bug,High
2006,Hassan,3522.8,27.0,Gravelly sand,55.0,Arecanut,Rabi,Spindle Bug,High
2007,Hassan,3522.8,27.0,Gravelly sand,56.0,Arecanut,Rabi,Spindle Bug,High
2008,Hassan,2746.2,27.2,Gravelly sand,54.0,Arecanut,Rabi,Spindle Bug,Medium
2009,Hassan,2746.2,27.2,Gravelly sand,58.0,Arecanut,Rabi,Spindle Bug,Medium
2010,Hassan,3360.0,27.2,Gravelly sand,58.0,Arecanut,Rabi,Spindle Bug,High
2011,Hassan,3360.0,27.1,Gravelly sand,59.0,Arecanut,Rabi,Spindle Bug,High
2012,Hassan,3360.0,27.1,Gravelly sand,50.0,Arecanut,Rabi,Spindle Bug,High
2013,Hassan,3605.4,27.1,Gravelly sand,54.0,Arecanut,Rabi,Spindle Bug,High
2014,Hassan,3605.4,26.8,Gravelly sand,53.0,Arecanut,Rabi,Spindle Bug,High
2015,Hassan,3605.4,26.8,Gravelly sand,52.0,Arecanut,Rabi,Spindle Bug,High
2016,Hassan,3512.4,26.8,Gravelly sand,51.0,Arecanut,Rabi,Spindle Bug,High
2017,Hassan,3512.4,37.0,Gravelly sand,57.0,Arecanut,Rabi,Spindle Bug,High
2018,Hassan,3512.4,37.0,Gravelly sand,57.0,Arecanut,Rabi,Spindle Bug,High
2012,Hassan,3296.0,37.0,Gravelly sand,60.0,Arecanut,Rabi,Spindle Bug,High
2013,Hassan,3296.0,38.0,Gravelly sand,57.0,Ginger,Rabi,Shoot Borer,High
2014,Hassan,3296.0,38.0,Gravelly sand,57.0,Ginger,Rabi,Shoot Borer,High
2015,Hassan,3550.0,38.0,Gravelly sand,54.0,Ginger,Rabi,Shoot Borer,High
2016,Hassan,3550.0,39.0,Gravelly sand,54.5,Ginger,Rabi,Shoot Borer,High
2017,Hassan,3550.0,39.0,Gravelly sand,56.6,Ginger,Rabi,Shoot Borer,High
2018,Hassan,3654.0,39.0,Gravelly sand,55.5,Ginger,Rabi,Shoot Borer,High
2019,Hassan,3654.0,40.0,Gravelly sand,58.5,Ginger,Rabi,Shoot Borer,High
2004,Hassan,3654.0,40.0,Gravelly sand,59.5,Ginger,Rabi,Shoot Borer,High
2005,Hassan,233.0,40.0,Gravelly sand,55.0,Ginger,Rabi,Shoot Borer,Low
2006,Hassan,233.0,41.0,Gravelly sand,53.0,Ginger,Rabi,Shoot Borer,Low
2007,Hassan,233.0,41.0,Gravelly sand,53.5,Ginger,Rabi,Shoot Borer,Low
2008,Hassan,234.0,41.0,Gravelly sand,52.5,Ginger,Rabi,Shoot Borer,Low
2009,Hassan,234.0,42.0,Gravelly sand,56.0,Ginger,Rabi,Shoot Borer,Low
2010,Hassan,234.0,42.0,Gravelly sand,57.0,Ginger,Rabi,Shoot Borer,Low
2011,Hassan,3105.0,42.0,Gravelly sand,57.5,Ginger,Rabi,Shoot Borer,High
2012,Hassan,3105.0,43.0,Gravelly sand,57.0,Tea,Rabi,Tea Mosquito Bug,High
2013,Hassan,3105.0,43.0,Gravelly sand,55.0,Tea,Rabi,Tea Mosquito Bug,High
2014,Hassan,236.0,27.0,Loam,56.0,Tea,Rabi,Tea Mosquito Bug,Low
2015,Hassan,236.0,27.0,Loam,54.0,Tea,Rabi,Tea Mosquito Bug,Low
2016,Hassan,2903.1,27.0,Loam,58.0,Tea,Rabi,Tea Mosquito Bug,Medium
2017,Hassan,2903.1,27.0,Loam,58.0,Tea,Rabi,Tea Mosquito Bug,Medium
2018,Hassan,2903.1,27.0,Loam,59.0,Tea,Rabi,Tea Mosquito Bug,Medium
2011,Hassan,2996.6,27.0,Loam,50.0,Tea,Rabi,Tea Mosquito Bug,Medium
2012,Hassan,2996.6,27.2,Loam,54.0,Tea,Rabi,Tea Mosquito Bug,Medium
2013,Hassan,2996.6,27.2,Loam,53.0,Tea,Rabi,Tea Mosquito Bug,Medium
2014,Hassan,3522.8,27.2,Loam,52.0,Tea,Rabi,Tea Mosquito Bug,High
2015,Hassan,3522.8,27.0,Loam,51.0,Tea,Rabi,Tea Mosquito Bug,High
2016,Hassan,3522.8,27.0,Loam,57.0,Tea,Rabi,Tea Mosquito Bug,High
2017,Hassan,2903.1,27.0,Loam,57.0,Tea,Rabi,Tea Mosquito Bug,Medium
2018,Hassan,2903.1,27.0,Loam,60.0,Tea,Rabi,Tea Mosquito Bug,Medium
2004,Hassan,2903.1,27.0,Loam,57.0,Paddy,Rabi,Stem Borer,Medium
2005,Hassan,2996.6,27.0,Loam,57.0,Paddy,Rabi,Stem Borer,Medium
2006,Hassan,2996.6,27.2,Loam,54.0,Paddy,Rabi,Stem Borer,Medium
2007,Hassan,2996.6,27.2,Loam,54.5,Paddy,Rabi,Stem Borer,Medium
2008,Hassan,3522.8,27.2,Loam,56.6,Paddy,Rabi,Stem Borer,High
2009,Hassan,3522.8,27.1,Loam,55.5,Paddy,Rabi,Stem Borer,High
2010,Hassan,3522.8,27.1,Loam,58.5,Paddy,Rabi,Stem Borer,High
2011,Hassan,3729.8,27.1,Loam,59.5,Paddy,Rabi,Stem Borer,High
2012,Hassan,3729.8,26.8,Loam,55.0,Paddy,Rabi,Stem Borer,High
2013,Hassan,3729.8,26.8,Loam,53.0,Paddy,Rabi,Stem Borer,High
2014,Hassan,2746.2,26.8,Loam,53.5,Paddy,Rabi,Stem Borer,Medium
2015,Hassan,2746.2,37.0,Well drained,52.5,Paddy,Rabi,Stem Borer,Medium
2016,Hassan,2746.2,37.0,Well drained,56.0,Paddy,Rabi,Stem Borer,Medium
2017,Hassan,3360.0,37.0,Well drained,57.0,Paddy,Rabi,Stem Borer,High
2018,Hassan,3360.0,38.0,Well drained,57.5,Paddy,Rabi,Stem Borer,High
2004,Hassan,3360.0,38.0,Well drained,57.0,Groundnut,Rabi,Leaf Miner,High
2005,Hassan,3605.4,38.0,Well drained,55.0,Groundnut,Rabi,Leaf Miner,High
2012,Hassan,3605.4,39.0,Well drained,56.0,Groundnut,Rabi,Leaf Miner,High
2013,Hassan,3605.4,39.0,Well drained,54.0,Groundnut,Rabi,Leaf Miner,High
2014,Hassan,3512.4,39.0,Well drained,58.0,Groundnut,Rabi,Leaf Miner,High
2015,Hassan,3512.4,40.0,Well drained,58.0,Groundnut,Rabi,Leaf Miner,High
2016,Hassan,3512.4,40.0,Well drained,59.0,Groundnut,Rabi,Leaf Miner,High
2017,Hassan,3296.0,40.0,Well drained,50.0,Groundnut,Rabi,Leaf Miner,High
2018,Hassan,3296.0,41.0,Well drained,54.0,Groundnut,Rabi,Leaf Miner,High
2004,Hassan,3296.0,41.0,Well drained,53.0,Groundnut,Rabi,Leaf Miner,High
2005,Hassan,3550.0,41.0,Well drained,52.0,Groundnut,Rabi,Leaf Miner,High
2006,Hassan,3550.0,42.0,Well drained,51.0,Groundnut,Rabi,Leaf Miner,High
2007,Hassan,3550.0,42.0,Medium textured clay,57.0,Groundnut,Rabi,Leaf Miner,High
2008,Hassan,3654.0,42.0,Medium textured clay,57.0,Groundnut,Rabi,Leaf Miner,High
2009,Hassan,3654.0,43.0,Medium textured clay,60.0,Groundnut,Rabi,Leaf Miner,High
2010,Hassan,3654.0,27.0,Medium textured clay,57.0,Blackgram,Rabi,Pod Borer,High
2011,Hassan,233.0,27.0,Medium textured clay,57.0,Blackgram,Rabi,Pod Borer,Low
2012,Hassan,233.0,27.0,Medium textured clay,54.0,Blackgram,Rabi,Pod Borer,Low
2013,Hassan,233.0,27.0,Medium textured clay,54.5,Blackgram,Rabi,Pod Borer,Low
2014,Hassan,234.0,27.0,Medium textured clay,56.6,Blackgram,Rabi,Pod Borer,Low
2015,Hassan,234.0,27.0,Medium textured clay,55.5,Blackgram,Rabi,Pod Borer,Low
2016,Hassan,234.0,27.2,Medium textured clay,58.5,Blackgram,Rabi,Pod Borer,Low
2017,Hassan,3105.0,27.2,Medium textured clay,59.5,Blackgram,Rabi,Pod Borer,High
2018,Hassan,3105.0,27.2,Medium textured clay,55.0,Blackgram,Rabi,Pod Borer,High
2019,Hassan,3105.0,27.0,Medium textured clay,53.0,Blackgram,Rabi,Pod Borer,High
2004,Hassan,236.0,27.0,Medium textured clay,53.5,Blackgram,Rabi,Pod Borer,Low
2013,Hassan,236.0,27.0,Medium textured clay,52.5,Blackgram,Rabi,Pod Borer,Low
2014,Hassan,2903.1,27.0,Medium textured clay,56.0,Blackgram,Rabi,Pod Borer,Medium
2015,Hassan,2903.1,27.0,Medium textured clay,59.5,Blackgram,Rabi,Pod Borer,Medium
2016,Hassan,2903.1,27.0,Medium textured clay,55.0,Blackgram,Rabi,Pod Borer,Medium
2017,Hassan,2996.6,27.2,Medium textured clay,53.0,Cashew,Rabi,Tea Mosquito Bug,Medium
2018,Hassan,2996.6,27.2,Medium textured clay,53.5,Cashew,Rabi,Tea Mosquito Bug,Medium
2004,Hassan,2996.6,27.2,Laterite,52.5,Cashew,Rabi,Tea Mosquito Bug,Medium
2005,Hassan,3522.8,27.1,Laterite,56.0,Cashew,Rabi,Tea Mosquito Bug,High
2006,Hassan,3522.8,27.1,Laterite,57.0,Cashew,Rabi,Tea Mosquito Bug,High
2007,Hassan,3522.8,27.1,Laterite,57.5,Cashew,Rabi,Tea Mosquito Bug,High
2008,Hassan,2903.1,26.8,Laterite,57.0,Cashew,Rabi,Tea Mosquito Bug,Medium
2009,Hassan,2903.1,26.8,Laterite,55.0,Cashew,Rabi,Tea Mosquito Bug,Medium
2010,Mangalore,2903.1,26.8,Laterite,56.0,Cashew,Rabi,Tea Mosquito Bug,Medium
2011,Mangalore,2996.6,37.0,Laterite,54.0,Cashew,Rabi,Tea Mosquito Bug,Medium
2012,Mangalore,2996.6,37.0,Laterite,58.0,Cashew,Rabi,Tea Mosquito Bug,Medium
2013,Mangalore,2996.6,37.0,Laterite,58.0,Cashew,Rabi,Tea Mosquito Bug,Medium
2014,Mangalore,3522.8,38.0,Laterite,59.0,Cashew,Rabi,Tea Mosquito Bug,High
2015,Mangalore,3522.8,38.0,Laterite,50.0,Cashew,Rabi,Tea Mosquito Bug,High
2016,Mangalore,3522.8,38.0,Laterite,54.0,Cashew,Rabi,Tea Mosquito Bug,High
2017,Mangalore,3729.8,39.0,Laterite,53.0,Coconut,Rabi,Red Palm Weevil,High
2018,Mangalore,3729.8,39.0,Laterite,59.5,Coconut,Rabi,Red Palm Weevil,High
2013,Mangalore,3729.8,39.0,Laterite,55.0,Coconut,Rabi,Red Palm Weevil,High
2014,Mangalore,2746.2,40.0,Laterite,53.0,Coconut,Rabi,Red Palm Weevil,Medium
2015,Mangalore,2746.2,40.0,Laterite,53.5,Coconut,Rabi,Red Palm Weevil,Medium
2016,Mangalore,2746.2,40.0,Laterite,52.5,Coconut,Rabi,Red Palm Weevil,Medium
2017,Mangalore,3360.0,41.0,Laterite,56.0,Coconut,Rabi,Red Palm Weevil,High
2018,Mangalore,3360.0,41.0,Laterite,57.0,Coconut,Rabi,Red Palm Weevil,High
2004,Mangalore,3360.0,41.0,Laterite,57.5,Coconut,Rabi,Red Palm Weevil,High
2005,Mangalore,3605.4,42.0,Laterite,57.0,Coconut,Rabi,Red Palm Weevil,High
2006,Kodagu,3605.4,42.0,Laterite,55.0,Coconut,Rabi,Red Palm Weevil,High
2007,Kodagu,2903.1,42.0,Laterite,56.0,Coconut,Rabi,Red Palm Weevil,Medium
2008,Kodagu,2903.1,43.0,Laterite,54.0,Coconut,Rabi,Red Palm Weevil,Medium
2009,Kodagu,2903.1,43.0,Laterite,58.0,Coconut,Rabi,Red Palm Weevil,Medium
2010,Kodagu,2996.6,128.0,Laterite,58.0,Coconut,Rabi,Red Palm Weevil,Medium
2011,Kodagu,2996.6,129.0,Laterite,59.0,Coconut,Rabi,Red Palm Weevil,Medium
2012,Kodagu,2996.6,130.0,Alluvial,50.0,Ginger,Rabi,Shoot Borer,Medium
2013,Kodagu,3522.8,131.0,Alluvial,54.0,Ginger,Rabi,Shoot Borer,High
2014,Kodagu,3522.8,132.0,Alluvial,53.0,Ginger,Rabi,Shoot Borer,High
2015,Kodagu,3522.8,133.0,Alluvial,59.5,Ginger,Rabi,Shoot Borer,High
2016,Kodagu,3729.8,134.0,Alluvial,55.0,Ginger,Rabi,Shoot Borer,High
2017,Kodagu,3729.8,135.0,Alluvial,53.0,Ginger,Rabi,Shoot Borer,High
2018,Kodagu,3729.8,136.0,Alluvial,53.5,Ginger,Rabi,Shoot Borer,High
2015,Kodagu,2746.2,137.0,Alluvial,52.5,Ginger,Rabi,Shoot Borer,Medium
2016,Kodagu,2746.2,138.0,Alluvial,56.0,Ginger,Rabi,Shoot Borer,Medium
2017,Kodagu,2746.2,139.0,Alluvial,57.0,Ginger,Rabi,Shoot Borer,Medium
2018,Kodagu,3360.0,140.0,Alluvial,57.5,Ginger,Rabi,Shoot Borer,High
2013,Kodagu,3360.0,141.0,Alluvial,57.0,Ginger,Rabi,Shoot Borer,High
2014,Kodagu,3360.0,142.0,Alluvial,55.0,Ginger,Rabi,Shoot Borer,High
2015,Kodagu,3605.4,143.0,Alluvial,56.0,Ginger,Rabi,Shoot Borer,High
2016,Kodagu,3605.4,144.0,Alluvial,54.0,Ginger,Rabi,Shoot Borer,High
2017,Kodagu,3605.4,27.0,Alluvial,57.0,Coconut,Rabi,Red Palm Weevil,High
2018,Kodagu,3512.4,27.0,Alluvial,57.5,Coconut,Rabi,Red Palm Weevil,High
2004,Kodagu,3512.4,27.0,Alluvial,57.0,Coconut,Rabi,Red Palm Weevil,High
2005,Kodagu,3512.4,27.0,Alluvial,55.0,Coconut,Rabi,Red Palm Weevil,High
2006,Kodagu,3296.0,27.0,Alluvial,56.0,Coconut,Rabi,Red Palm Weevil,High
2007,Kodagu,3550.0,27.0,Alluvial,54.0,Coconut,Rabi,Red Palm Weevil,High
2008,Kodagu,3550.0,27.2,Alluvial,58.0,Coconut,Rabi,Red Palm Weevil,High
2009,Kodagu,3550.0,27.2,Alluvial,58.0,Coconut,Rabi,Red Palm Weevil,High
2010,Kodagu,3654.0,27.2,Alluvial,59.0,Coconut,Rabi,Red Palm Weevil,High
2011,Kodagu,3654.0,27.0,Alluvial,50.0,Coconut,Rabi,Red Palm Weevil,High
2012,Mysuru,3654.0,27.0,Sandy loam,54.0,Coconut,Rabi,Red Palm Weevil,High
2013,Mysuru,233.0,27.0,Sandy loam,53.0,Coconut,Rabi,Red Palm Weevil,Low
2014,Mysuru,233.0,27.0,Sandy loam,52.0,Coconut,Rabi,Red Palm Weevil,Low
2015,Mysuru,233.0,27.0,Sandy loam,51.0,Coconut,Rabi,Red Palm Weevil,Low
2016,Mysuru,234.0,27.0,Sandy loam,57.0,Coconut,Rabi,Red Palm Weevil,Low
2017,Mysuru,234.0,27.2,Sandy loam,57.0,Coconut,Rabi,Red Palm Weevil,Low
2016,Mysuru,234.0,27.2,Sandy loam,60.0,Coconut,Rabi,Red Palm Weevil,Low
2017,Mysuru,3105.0,27.2,Sandy loam,57.0,Coconut,Rabi,Red Palm Weevil,High
2018,Mysuru,3105.0,27.1,Sandy loam,57.0,Coconut,Rabi,Red Palm Weevil,High
2013,Mysuru,3105.0,27.1,Sandy loam,54.0,Coconut,Rabi,Red Palm Weevil,High
2014,Mysuru,236.0,27.1,Sandy loam,54.5,Coconut,Rabi,Red Palm Weevil,Low
2015,Mysuru,236.0,26.8,Sandy loam,56.6,Coconut,Rabi,Red Palm Weevil,Low
2016,Mysuru,2903.1,26.8,Sandy loam,55.5,Coconut,Rabi,Red Palm Weevil,Medium
2017,Mysuru,2903.1,26.8,Sandy loam,58.5,Coconut,Rabi,Red Palm Weevil,Medium
2018,Mysuru,2903.1,37.0,Sandy loam,59.5,Coconut,Rabi,Red Palm Weevil,Medium
2004,Mysuru,2996.6,37.0,Sandy loam,55.0,Coconut,Rabi,Red Palm Weevil,Medium
2005,Mysuru,2996.6,37.0,Sandy loam,53.0,Coconut,Rabi,Red Palm Weevil,Medium
2006,Mysuru,2996.6,38.0,Sandy loam,53.5,Coconut,Rabi,Red Palm Weevil,Medium
2007,Mysuru,3296.0,38.0,Sandy loam,52.5,Coconut,Rabi,Red Palm Weevil,High
2008,Mysuru,3550.0,38.0,Sandy loam,56.0,Coconut,Rabi,Red Palm Weevil,High
2009,Mysuru,3550.0,39.0,Sandy loam,57.0,Coconut,Rabi,Red Palm Weevil,High
2010,Mysuru,3550.0,39.0,Sandy loam,57.5,Coconut,Rabi,Red Palm Weevil,High
2011,Mysuru,3654.0,39.0,Sandy loam,57.0,Coconut,Rabi,Red Palm Weevil,High
2012,Mysuru,3654.0,40.0,Sandy loam,55.0,Coconut,Rabi,Red Palm Weevil,High
2013,Mysuru,3654.0,40.0,Sandy loam,56.0,Coconut,Rabi,Red Palm Weevil,High
2014,Mysuru,233.0,40.0,Sandy,54.0,Coconut,Rabi,Red Palm Weevil,Low
2015,Mysuru,233.0,41.0,Sandy,58.0,Coconut,Rabi,Red Palm Weevil,Low
2016,Mysuru,233.0,41.0,Sandy,58.0,Coconut,Rabi,Red Palm Weevil,Low
2017,Mysuru,234.0,41.0,Sandy,59.0,Coconut,Rabi,Red Palm Weevil,Low
2016,Mysuru,234.0,42.0,Sandy,50.0,Coconut,Rabi,Red Palm Weevil,Low
2017,Mysuru,234.0,42.0,Sandy,54.0,Coconut,Rabi,Red Palm Weevil,Low
2016,Mysuru,3105.0,42.0,Sandy,53.0,Coconut,Rabi,Red Palm Weevil,High
2017,Mysuru,3105.0,43.0,Sandy,52.0,Coconut,Rabi,Red Palm Weevil,High
2018,Mysuru,3105.0,43.0,Sandy,51.0,Coconut,Rabi,Red Palm Weevil,High
2013,Mysuru,236.0,27.0,Sandy,57.0,Coconut,Rabi,Red Palm Weevil,Low
2014,Mysuru,236.0,27.0,Sandy,57.0,Coconut,Rabi,Red Palm Weevil,Low
2015,Mysuru,2903.1,27.0,Sandy,60.0,Coconut,Rabi,Red Palm Weevil,Medium
2016,Mysuru,2903.1,27.0,Sandy,57.0,Coconut,Rabi,Red Palm Weevil,Medium
2017,Mysuru,2903.1,27.0,Sandy,57.0,Coconut,Rabi,Red Palm Weevil,Medium
2018,Mysuru,2996.6,27.0,Sandy,54.0,Coconut,Rabi,Red Palm Weevil,Medium
2004,Mysuru,2996.6,27.2,Sandy,54.5,Coconut,Rabi,Red Palm Weevil,Medium
2005,Mysuru,2996.6,27.2,Sandy,56.6,Coconut,Rabi,Red Palm Weevil,Medium
2006,Mysuru,2903.1,27.2,Sandy,55.5,Coconut,Rabi,Red Palm Weevil,Medium
2007,Mysuru,2903.1,27.0,Sandy,58.5,Coconut,Rabi,Red Palm Weevil,Medium
2008,Mysuru,2903.1,27.0,Sandy,59.5,Coconut,Rabi,Red Palm Weevil,Medium
2009,Mysuru,2996.6,27.0,Sandy,55.0,Coconut,Rabi,Red Palm Weevil,Medium
2010,Mysuru,2996.6,27.0,Sandy loam,53.0,Coconut,Rabi,Red Palm Weevil,Medium
2011,Mysuru,2996.6,27.0,Sandy loam,53.5,Coconut,Rabi,Red Palm Weevil,Medium
2012,Mysuru,3522.8,27.0,Sandy loam,52.5,Coconut,Rabi,Red Palm Weevil,High
2013,Mysuru,3522.8,27.2,Sandy loam,56.0,Coconut,Rabi,Red Palm Weevil,High
2014,Mysuru,3522.8,27.2,Sandy loam,57.0,Coconut,Rabi,Red Palm Weevil,High
2015,Mysuru,3729.8,27.2,Sandy loam,57.5,Coconut,Rabi,Red Palm Weevil,High
2016,Mysuru,3729.8,27.1,Sandy loam,57.0,Coconut,Rabi,Red Palm Weevil,High
2017,Mysuru,3729.8,27.1,Sandy loam,55.0,Coconut,Rabi,Red Palm Weevil,High
2017,Mysuru,2746.2,27.1,Sandy loam,56.0,Coconut,Rabi,Red Palm Weevil,Medium
2016,Kasaragodu,2746.2,26.8,Sandy loam,54.0,Coconut,Rabi,Red Palm Weevil,Medium
2017,Kasaragodu,2746.2,26.8,Sandy loam,58.0,Coconut,Rabi,Red Palm Weevil,Medium
2018,Kasaragodu,3360.0,26.8,Sandy loam,58.0,Coconut,Rabi,Red Palm Weevil,High
2013,Kasaragodu,3360.0,37.0,Sandy loam,59.0,Coconut,Rabi,Red Palm Weevil,High
2014,Kasaragodu,3360.0,37.0,Sandy loam,50.0,Coconut,Rabi,Red Palm Weevil,High
2015,Kasaragodu,3605.4,37.0,Sandy loam,54.0,Coconut,Rabi,Red Palm Weevil,High
2016,Kasaragodu,3605.4,38.0,Sandy loam,53.0,Coconut,Rabi,Red Palm Weevil,High
2017,Kasaragodu,3605.4,38.0,Sandy loam,52.0,Coconut,Rabi,Red Palm Weevil,High
2018,Kasaragodu,3512.4,38.0,Sandy loam,51.0,Coconut,Rabi,Red Palm Weevil,High
2004,Kasaragodu,3512.4,39.0,Sandy loam,57.0,Coconut,Rabi,Red Palm Weevil,High
2005,Kasaragodu,3512.4,39.0,Sandy loam,57.0,Coconut,Rabi,Red Palm Weevil,High
2006,Kasaragodu,3296.0,39.0,Sandy loam,60.0,Coconut,Rabi,Red Palm Weevil,High
2007,Kasaragodu,3296.0,40.0,Sandy loam,57.0,Coconut,Rabi,Red Palm Weevil,High
2008,Kasaragodu,3296.0,40.0,Sandy loam,57.0,Coconut,Rabi,Red Palm Weevil,High
2009,Kasaragodu,3550.0,40.0,Sandy loam,54.0,Coconut,Rabi,Red Palm Weevil,High
2010,Kasaragodu,3550.0,41.0,Sandy loam,54.5,Coconut,Rabi,Red Palm Weevil,High
2011,Kasaragodu,3550.0,41.0,Sandy loam,56.6,Coconut,Rabi,Red Palm Weevil,High
2012,Kasaragodu,3654.0,41.0,Sandy loam,55.5,Coconut,Rabi,Red Palm Weevil,High
2013,Kasaragodu,3654.0,42.0,Sandy loam,58.5,Coconut,Rabi,Red Palm Weevil,High
2014,Kasaragodu,3654.0,42.0,Sandy loam,59.5,Coconut,Rabi,Red Palm Weevil,High
2015,Kasaragodu,233.0,42.0,Sandy loam,55.0,Coconut,Rabi,Red Palm Weevil,Low
2016,Kasaragodu,233.0,43.0,Sandy loam,53.0,Coconut,Rabi,Red Palm Weevil,Low
2017,Kasaragodu,233.0,27.0,Sandy loam,53.5,Coconut,Rabi,Red Palm Weevil,Low
2004,Kasaragodu,234.0,27.0,Sandy loam,52.5,Coconut,Rabi,Red Palm Weevil,Low
2004,Kasaragodu,234.0,27.0,Sandy loam,56.0,Coconut,Rabi,Red Palm Weevil,Low
2004,Kasaragodu,234.0,27.0,Sandy loam,57.0,Coconut,Rabi,Red Palm Weevil,Low
2004,Kasaragodu,3105.0,27.0,Sandy loam,57.5,Coconut,Rabi,Red Palm Weevil,High
2004,Kasaragodu,3105.0,27.0,Sandy loam,57.0,Coconut,Rabi,Red Palm Weevil,High
2004,Kasaragodu,3105.0,27.2,Sandy loam,55.0,Coconut,Rabi,Red Palm Weevil,High
2004,Kasaragodu,236.0,27.2,Sandy loam,56.0,Coconut,Rabi,Red Palm Weevil,Low
2004,Raichur,236.0,27.2,Sandy loam,54.0,Coconut,Rabi,Red Palm Weevil,Low
2004,Raichur,2903.1,27.0,Sandy loam,58.0,Coconut,Rabi,Red Palm Weevil,Medium
2004,Raichur,2903.1,27.0,Sandy loam,58.0,Coconut,Rabi,Red Palm Weevil,Medium
2004,Raichur,2903.1,27.0,Sandy loam,59.0,Coconut,Rabi,Red Palm Weevil,Medium
2004,Raichur,2996.6,27.0,Sandy loam,50.0,Coconut,Rabi,Red Palm Weevil,Medium
2004,Raichur,2996.6,27.0,Sandy loam,54.0,Coconut,Rabi,Red Palm Weevil,Medium
2004,Raichur,2996.6,27.0,Sandy loam,53.0,Coconut,Rabi,Red Palm Weevil,Medium
2004,Raichur,3522.8,27.2,Sandy loam,52.0,Coconut,Rabi,Red Palm Weevil,High
2004,Raichur,3522.8,27.2,Sandy loam,51.0,Coconut,Rabi,Red Palm Weevil,High
2004,Raichur,3522.8,27.2,Sandy loam,57.0,Coconut,Rabi,Red Palm Weevil,High
2004,Raichur,3729.8,27.1,Sandy,57.0,Coconut,Rabi,Red Palm Weevil,High
2004,Raichur,3729.8,27.1,Sandy,60.0,Coconut,Rabi,Red Palm Weevil,High
2004,Raichur,3729.8,27.1,Sandy,57.0,Coconut,Rabi,Red Palm Weevil,High
2004,Raichur,2746.2,26.8,Sandy,57.0,Coconut,Rabi,Red Palm Weevil,Medium
2004,Raichur,2746.2,26.8,Sandy,54.0,Coconut,Rabi,Red Palm Weevil,Medium
2004,Raichur,2746.2,26.8,Sandy,54.5,Coconut,Rabi,Red Palm Weevil,Medium
2004,Raichur,3360.0,37.0,Sandy,56.6,Coconut,Rabi,Red Palm Weevil,High
2004,Raichur,3360.0,37.0,Sandy,55.5,Coconut,Rabi,Red Palm Weevil,High
2004,Raichur,3360.0,37.0,Sandy,58.5,Coconut,Rabi,Red Palm Weevil,High
2004,Raichur,3605.4,38.0,Sandy,59.5,Coconut,Rabi,Red Palm Weevil,High
2004,Raichur,3605.4,38.0,Sandy,55.0,Coconut,Rabi,Red Palm Weevil,High
2004,Raichur,3605.4,38.0,Sandy,53.0,Coconut,Rabi,Red Palm Weevil,High
2004,Raichur,3512.4,39.0,Sandy,53.5,Coconut,Rabi,Red Palm Weevil,High
2004,Raichur,3512.4,39.0,Sandy,52.5,Coconut,Rabi,Red Palm Weevil,High
2004,Raichur,3512.4,39.0,Sandy,56.0,Coconut,Rabi,Red Palm Weevil,High
2004,Raichur,3296.0,40.0,Sandy,57.0,Coconut,Rabi,Red Palm Weevil,High
2004,Raichur,3296.0,40.0,Sandy,57.5,Coconut,Rabi,Red Palm Weevil,High
2004,Raichur,3296.0,40.0,Sandy,57.0,Coconut,Rabi,Red Palm Weevil,High
2004,Raichur,3550.0,41.0,Sandy,55.0,Coconut,Rabi,Red Palm Weevil,High
2004,Raichur,3550.0,41.0,Sandy,56.0,Coconut,Rabi,Red Palm Weevil,High
2004,Gulbarga,3550.0,41.0,Sandy,54.0,Coconut,Rabi,Red Palm Weevil,High
2004,Gulbarga,3654.0,42.0,Sandy,58.0,Coconut,Rabi,Red Palm Weevil,High
2004,Gulbarga,3654.0,42.0,Sandy,58.0,Coconut,Rabi,Red Palm Weevil,High
2004,Gulbarga,3654.0,42.0,Sandy,59.0,Coconut,Rabi,Red Palm Weevil,High
2004,Gulbarga,233.0,43.0,Sandy,50.0,Coconut,Rabi,Red Palm Weevil,Low
2004,Gulbarga,233.0,43.0,Sandy,54.0,Coconut,Rabi,Red Palm Weevil,Low
2004,Gulbarga,233.0,128.0,Sandy,53.0,Cocoa,Rabi,Cocoa Pod Borer,Low
2004,Gulbarga,2903.1,129.0,Sandy,52.0,Cocoa,Rabi,Cocoa Pod Borer,Medium
2004,Gulbarga,2903.1,130.0,Sandy,51.0,Cocoa,Rabi,Cocoa Pod Borer,Medium
2004,Gulbarga,2903.1,131.0,Sandy,57.0,Cocoa,Rabi,Cocoa Pod Borer,Medium
2004,Gulbarga,2996.6,132.0,Sandy,57.0,Cocoa,Rabi,Cocoa Pod Borer,Medium
2004,Gulbarga,2996.6,133.0,Sandy,60.0,Cocoa,Rabi,Cocoa Pod Borer,Medium
2004,Gulbarga,2996.6,134.0,Sandy,57.0,Coffee,Rabi,Coffee Berry Borer,Medium
2004,Gulbarga,3522.8,135.0,Sandy,57.0,Coffee,Rabi,Coffee Berry Borer,High
2004,Gulbarga,3522.8,136.0,Sandy,54.0,Coffee,Rabi,Coffee Berry Borer,High
2004,Gulbarga,3522.8,137.0,Sandy,54.5,Coffee,Rabi,Coffee Berry Borer,High
2004,Gulbarga,3729.8,138.0,Sandy,56.6,Coffee,Rabi,Coffee Berry Borer,High
2004,Gulbarga,3729.8,139.0,Sandy,55.5,Coffee,Rabi,Coffee Berry Borer,High
2004,Gulbarga,3729.8,140.0,Sandy,58.5,Coffee,Rabi,Coffee Berry Borer,High
2004,Gulbarga,2746.2,141.0,Sandy,59.5,Coffee,Rabi,Coffee Berry Borer,Medium
2004,Gulbarga,2746.2,142.0,Sandy,55.0,Coffee,Rabi,Coffee Berry Borer,Medium
2004,Gulbarga,2746.2,143.0,Sandy,53.0,Coffee,Rabi,Coffee Berry Borer,Medium
2004,Gulbarga,3360.0,144.0,Sandy,53.5,Coffee,Rabi,Coffee Berry Borer,High
2004,Gulbarga,3360.0,27.0,Sandy,52.5,Coffee,Rabi,Coffee Berry Borer,High
2004,Gulbarga,3360.0,27.0,Sandy,56.0,Coffee,Rabi,Coffee Berry Borer,High
2004,Gulbarga,3605.4,27.0,Sandy,57.0,Coffee,Rabi,Coffee Berry Borer,High
2004,Gulbarga,3605.4,27.0,Sandy,57.5,Coffee,Rabi,Coffee Berry Borer,High
2004,Gulbarga,3605.4,27.0,Sandy,57.0,Cardamum,Rabi,Thrips,High
2004,Gulbarga,3512.4,27.0,Sandy,55.0,Cardamum,Rabi,Thrips,High
2004,Gulbarga,3512.4,27.2,Sandy,56.0,Cardamum,Rabi,Thrips,High
2004,Gulbarga,3512.4,27.2,Sandy,54.0,Cardamum,Rabi,Thrips,High
2004,Gulbarga,3296.0,27.2,Alluvial,58.0,Cardamum,Rabi,Thrips,High
2004,Gulbarga,3296.0,27.0,Alluvial,58.0,Cardamum,Rabi,Thrips,High
2004,Gulbarga,3296.0,27.0,Alluvial,59.0,Cardamum,Rabi,Thrips,High
2004,Gulbarga,3550.0,27.0,Alluvial,50.0,Cardamum,Rabi,Thrips,High
2004,Gulbarga,3550.0,27.0,Alluvial,54.0,Cardamum,Rabi,Thrips,High
2004,Gulbarga,3550.0,27.0,Alluvial,53.0,Cardamum,Rabi,Thrips,High
2004,Madikeri,3654.0,27.0,Alluvial,52.0,Cardamum,Rabi,Thrips,High
2004,Madikeri,3654.0,27.2,Alluvial,51.0,Cardamum,Rabi,Thrips,High
2004,Madikeri,3654.0,27.2,Alluvial,57.0,Cardamum,Rabi,Thrips,High
2004,Madikeri,233.0,27.2,Alluvial,57.0,Cardamum,Rabi,Thrips,Low
2004,Madikeri,233.0,27.1,Alluvial,60.0,Cardamum,Rabi,Thrips,Low
2004,Madikeri,233.0,27.1,Alluvial,57.0,Pepper,Rabi,Pollu Beetle,Low
2004,Madikeri,234.0,27.1,Alluvial,57.0,Pepper,Rabi,Pollu Beetle,Low
2004,Madikeri,234.0,26.8,Alluvial,54.0,Pepper,Rabi,Pollu Beetle,Low
2004,Madikeri,234.0,26.8,Alluvial,54.5,Pepper,Rabi,Pollu Beetle,Low
2004,Madikeri,3105.0,26.8,Alluvial,56.6,Pepper,Rabi,Pollu Beetle,High
2004,Madikeri,3105.0,37.0,Alluvial,55.5,Pepper,Rabi,Pollu Beetle,High
2004,Madikeri,3105.0,37.0,Alluvial,58.5,Pepper,Rabi,Pollu Beetle,High
2004,Madikeri,236.0,37.0,Alluvial,59.5,Pepper,Rabi,Pollu Beetle,Low
2004,Madikeri,236.0,38.0,Alluvial,55.0,Pepper,Rabi,Pollu Beetle,Low
2004,Madikeri,2903.1,38.0,Alluvial,53.0,Pepper,Rabi,Pollu Beetle,Medium
2004,Madikeri,2903.1,38.0,Alluvial,53.5,Pepper,Rabi,Pollu Beetle,Medium
2004,Madikeri,2903.1,39.0,Sandy loam,52.5,Pepper,Rabi,Pollu Beetle,Medium
2004,Madikeri,2996.6,39.0,Sandy loam,56.0,Pepper,Rabi,Pollu Beetle,Medium
2004,Madikeri,2996.6,39.0,Sandy loam,57.0,Pepper,Rabi,Pollu Beetle,Medium
2004,Madikeri,2996.6,40.0,Sandy loam,57.5,Pepper,Rabi,Pollu Beetle,Medium
2004,Madikeri,3522.8,40.0,Sandy loam,57.0,Arecanut,Rabi,Spindle Bug,High
2004,Madikeri,3522.8,40.0,Sandy loam,55.0,Arecanut,Rabi,Spindle Bug,High
2004,Madikeri,3522.8,41.0,Sandy loam,56.0,Arecanut,Rabi,Spindle Bug,High
2004,Madikeri,3729.8,41.0,Sandy loam,54.0,Arecanut,Rabi,Spindle Bug,High
2004,Madikeri,3729.8,41.0,Sandy loam,58.0,Arecanut,Rabi,Spindle Bug,High
2004,Madikeri,3729.8,42.0,Sandy loam,58.0,Arecanut,Rabi,Spindle Bug,High
2004,Madikeri,2746.2,42.0,Sandy loam,59.0,Arecanut,Rabi,Spindle Bug,Medium
2004,Madikeri,2746.2,42.0,Sandy loam,50.0,Arecanut,Rabi,Spindle Bug,Medium
2004,Madikeri,2746.2,43.0,Sandy loam,54.0,Arecanut,Rabi,Spindle Bug,Medium
2004,Madikeri,3360.0,43.0,Sandy loam,53.0,Arecanut,Rabi,Spindle Bug,High
2004,Chikmangaluru,3360.0,27.0,Sandy loam,52.0,Arecanut,Rabi,Spindle Bug,High
2004,Chikmangaluru,3360.0,27.0,Sandy loam,51.0,Arecanut,Rabi,Spindle Bug,High
2004,Chikmangaluru,3605.4,27.0,Sandy loam,57.0,Arecanut,Rabi,Spindle Bug,High
2004,Chikmangaluru,3605.4,27.0,Laterite,57.0,Arecanut,Rabi,Spindle Bug,High
2004,Chikmangaluru,3605.4,27.0,Laterite,60.0,Arecanut,Rabi,Spindle Bug,High
2004,Chikmangaluru,3512.4,27.0,Laterite,57.0,Ginger,Rabi,Shoot Borer,High
2004,Chikmangaluru,3512.4,27.2,Laterite,57.0,Ginger,Rabi,Shoot Borer,High
2004,Chikmangaluru,3512.4,27.2,Laterite,54.0,Ginger,Rabi,Shoot Borer,High
2004,Chikmangaluru,3296.0,27.2,Laterite,54.5,Ginger,Rabi,Shoot Borer,High
2004,Chikmangaluru,3296.0,27.0,Laterite,56.6,Ginger,Rabi,Shoot Borer,High
2004,Chikmangaluru,3296.0,27.0,Laterite,55.5,Ginger,Rabi,Shoot Borer,High
2004,Chikmangaluru,3550.0,27.0,Laterite,58.5,Ginger,Rabi,Shoot Borer,High
2004,Chikmangaluru,3550.0,27.0,Laterite,59.5,Ginger,Rabi,Shoot Borer,High
2004,Chikmangaluru,3550.0,27.0,Laterite,55.0,Ginger,Rabi,Shoot Borer,High
2004,Chikmangaluru,3654.0,27.0,Laterite,53.0,Ginger,Rabi,Shoot Borer,High
2004,Chikmangaluru,3654.0,27.2,Laterite,53.5,Ginger,Rabi,Shoot Borer,High
2004,Chikmangaluru,3654.0,27.2,Laterite,52.5,Ginger,Rabi,Shoot Borer,High
2004,Chikmangaluru,233.0,27.2,Laterite,56.0,Ginger,Rabi,Shoot Borer,Low
2004,Chikmangaluru,233.0,27.1,Laterite,57.0,Ginger,Rabi,Shoot Borer,Low
2004,Chikmangaluru,233.0,27.1,Laterite,57.5,Ginger,Rabi,Shoot Borer,Low
2004,Chikmangaluru,2903.1,27.1,Laterite,57.0,Tea,Rabi,Tea Mosquito Bug,Medium
2004,Chikmangaluru,2903.1,26.8,Laterite,55.0,Tea,Rabi,Tea Mosquito Bug,Medium
2004,Chikmangaluru,2903.1,26.8,Laterite,56.0,Tea,Rabi,Tea Mosquito Bug,Medium
2004,Chikmangaluru,2996.6,26.8,Clay loam,54.0,Tea,Rabi,Tea Mosquito Bug,Medium
2004,Chikmangaluru,2996.6,37.0,Clay loam,58.0,Tea,Rabi,Tea Mosquito Bug,Medium
2013,Chikmangaluru,2996.6,37.0,Clay loam,58.0,Tea,Rabi,Tea Mosquito Bug,Medium
2014,Chikmangaluru,3522.8,37.0,Clay loam,59.0,Tea,Rabi,Tea Mosquito Bug,High
2015,Chikmangaluru,3522.8,38.0,Clay loam,50.0,Tea,Zaid,Tea Mosquito Bug,High
2016,Chikmangaluru,3522.8,38.0,Clay loam,54.0,Tea,Zaid,Tea Mosquito Bug,High
2017,Chikmangaluru,3729.8,38.0,Clay loam,53.0,Tea,Zaid,Tea Mosquito Bug,High
2018,Chikmangaluru,3729.8,39.0,Clay loam,52.0,Tea,Zaid,Tea Mosquito Bug,High
2004,Chikmangaluru,3729.8,39.0,Clay loam,51.0,Tea,Zaid,Tea Mosquito Bug,High
2005,Chikmangaluru,2746.2,39.0,Clay loam,57.0,Tea,Zaid,Tea Mosquito Bug,Medium
2006,Chikmangaluru,2746.2,40.0,Clay loam,57.0,Tea,Zaid,Tea Mosquito Bug,Medium
2007,Chikmangaluru,2746.2,40.0,Clay loam,60.0,Tea,Zaid,Tea Mosquito Bug,Medium
2008,Chikmangaluru,3360.0,40.0,Clay loam,57.0,Paddy,Zaid,Stem Borer,High
2009,Chikmangaluru,3360.0,41.0,Clay loam,57.0,Paddy,Zaid,Stem Borer,High
2010,Chikmangaluru,3360.0,41.0,Clay loam,54.0,Paddy,Zaid,Stem Borer,High
2011,Chikmangaluru,3605.4,41.0,Clay loam,54.5,Paddy,Zaid,Stem Borer,High
2012,Chikmangaluru,3605.4,42.0,Clay loam,56.6,Paddy,Zaid,Stem Borer,High
2013,Chikmangaluru,3605.4,42.0,Clay loam,55.5,Paddy,Zaid,Stem Borer,High
2014,Chikmangaluru,3512.4,42.0,Clay loam,58.5,Paddy,Zaid,Stem Borer,High
2015,Chikmangaluru,3512.4,43.0,Clay loam,59.5,Paddy,Zaid,Stem Borer,High
2016,Chikmangaluru,3512.4,27.0,Medium textured ,55.0,Paddy,Zaid,Stem Borer,High
2017,Chikmangaluru,3296.0,27.0,Medium textured ,53.0,Paddy,Zaid,Stem Borer,High
2018,Chikmangaluru,3296.0,27.0,Medium textured ,53.5,Paddy,Zaid,Stem Borer,High
2004,Chikmangaluru,3296.0,27.0,Medium textured ,52.5,Paddy,Zaid,Stem Borer,High
2005,Chikmangaluru,3550.0,27.0,Medium textured ,56.0,Paddy,Zaid,Stem Borer,High
2006,Chikmangaluru,3550.0,27.0,Medium textured ,57.0,Paddy,Zaid,Stem Borer,High
2007,Chikmangaluru,3550.0,27.2,Medium textured ,57.5,Paddy,Zaid,Stem Borer,High
2008,Chikmangaluru,3654.0,27.2,Medium textured ,57.0,Groundnut,Zaid,Leaf Miner,High
2009,Chikmangaluru,3654.0,27.2,Medium textured ,55.0,Groundnut,Zaid,Leaf Miner,High
2010,Chikmangaluru,3654.0,27.0,Medium textured ,56.0,Groundnut,Zaid,Leaf Miner,High
2011,Chikmangaluru,233.0,27.0,Medium textured ,54.0,Groundnut,Zaid,Leaf Miner,Low
2012,Chikmangaluru,233.0,27.0,Medium textured ,58.0,Groundnut,Zaid,Leaf Miner,Low
2013,Chikmangaluru,233.0,27.0,Medium textured ,58.0,Groundnut,Zaid,Leaf Miner,Low
2014,Chikmangaluru,234.0,27.0,Medium textured ,59.0,Groundnut,Zaid,Leaf Miner,Low
2015,Chikmangaluru,234.0,27.0,Medium textured ,50.0,Groundnut,Zaid,Leaf Miner,Low
2016,Chikmangaluru,234.0,27.2,Medium textured ,54.0,Groundnut,Zaid,Leaf Miner,Low
2017,Chikmangaluru,3105.0,27.2,Medium textured ,53.0,Groundnut,Zaid,Leaf Miner,High
2018,Chikmangaluru,3105.0,27.2,Medium textured ,52.0,Groundnut,Zaid,Leaf Miner,High
2004,Chikmangaluru,3105.0,27.1,Medium textured ,51.0,Groundnut,Zaid,Leaf Miner,High
2005,Chikmangaluru,236.0,27.1,Medium textured ,57.0,Groundnut,Zaid,Leaf Miner,Low
2006,Chikmangaluru,236.0,27.1,Medium textured ,57.0,Groundnut,Zaid,Leaf Miner,Low
2007,Chikmangaluru,2903.1,26.8,Alluvial,60.0,Groundnut,Zaid,Leaf Miner,Medium
2008,Chikmangaluru,2903.1,26.8,Alluvial,57.0,Blackgram,Zaid,Pod Borer,Medium
2009,Chikmangaluru,2903.1,26.8,Alluvial,57.0,Blackgram,Zaid,Pod Borer,Medium
2010,Chikmangaluru,2996.6,37.0,Alluvial,54.0,Blackgram,Zaid,Pod Borer,Medium
2011,Chikmangaluru,2996.6,37.0,Alluvial,54.5,Blackgram,Zaid,Pod Borer,Medium
2012,Chikmangaluru,2996.6,37.0,Alluvial,56.6,Blackgram,Zaid,Pod Borer,Medium
2013,Chikmangaluru,3522.8,38.0,Alluvial,55.5,Blackgram,Zaid,Pod Borer,High
2014,Chikmangaluru,3522.8,38.0,Alluvial,58.5,Blackgram,Zaid,Pod Borer,High
2015,Chikmangaluru,3522.8,38.0,Alluvial,59.5,Blackgram,Zaid,Pod Borer,High
2016,Chikmangaluru,3729.8,39.0,Alluvial,55.0,Blackgram,Zaid,Pod Borer,High
2017,Chikmangaluru,3729.8,39.0,Alluvial,53.0,Blackgram,Zaid,Pod Borer,High
2018,Chikmangaluru,3729.8,39.0,Alluvial,53.5,Blackgram,Zaid,Pod Borer,High
2004,Chikmangaluru,2746.2,40.0,Alluvial,52.5,Blackgram,Zaid,Pod Borer,Medium
2005,Chikmangaluru,2746.2,40.0,Alluvial,56.0,Blackgram,Zaid,Pod Borer,Medium
2006,Hassan,2746.2,40.0,Alluvial,59.5,Blackgram,Zaid,Pod Borer,Medium
2007,Hassan,3360.0,41.0,Alluvial,55.0,Blackgram,Zaid,Pod Borer,High
2008,Hassan,3360.0,41.0,Alluvial,53.0,Cashew,Zaid,Tea Mosquito Bug,High
2009,Hassan,3360.0,41.0,Alluvial,53.5,Cashew,Zaid,Tea Mosquito Bug,High
2010,Hassan,3605.4,42.0,Alluvial,52.5,Cashew,Zaid,Tea Mosquito Bug,High
2011,Hassan,3605.4,42.0,Alluvial,56.0,Cashew,Zaid,Tea Mosquito Bug,High
2012,Hassan,3605.4,42.0,Alluvial,57.0,Cashew,Zaid,Tea Mosquito Bug,High
2013,Hassan,3512.4,43.0,Alluvial,57.5,Cashew,Zaid,Tea Mosquito Bug,High
2014,Hassan,3512.4,43.0,Alluvial,57.0,Cashew,Zaid,Tea Mosquito Bug,High
2015,Hassan,3512.4,128.0,Alluvial,55.0,Cashew,Zaid,Tea Mosquito Bug,High
2016,Hassan,3296.0,129.0,Alluvial,56.0,Cashew,Zaid,Tea Mosquito Bug,High
2017,Hassan,3296.0,130.0,Alluvial,54.0,Cashew,Zaid,Tea Mosquito Bug,High
2018,Hassan,3296.0,131.0,Alluvial,58.0,Cashew,Zaid,Tea Mosquito Bug,High
2004,Hassan,3550.0,132.0,Alluvial,58.0,Cashew,Zaid,Tea Mosquito Bug,High
2005,Hassan,3550.0,133.0,Alluvial,59.0,Cashew,Zaid,Tea Mosquito Bug,High
2006,Hassan,3550.0,134.0,Alluvial,50.0,Cashew,Zaid,Tea Mosquito Bug,High
2007,Hassan,3654.0,135.0,Alluvial,54.0,Cashew,Zaid,Tea Mosquito Bug,High
2008,Hassan,3654.0,136.0,Alluvial,53.0,Coconut,Zaid,Red Palm Weevil,High
2009,Hassan,3654.0,137.0,Alluvial,59.5,Coconut,Zaid,Red Palm Weevil,High
2010,Hassan,233.0,138.0,Alluvial,55.0,Coconut,Zaid,Red Palm Weevil,Low
2011,Hassan,233.0,139.0,Alluvial,53.0,Coconut,Zaid,Red Palm Weevil,Low
2012,Hassan,233.0,140.0,Alluvial,53.5,Coconut,Zaid,Red Palm Weevil,Low
2013,Hassan,234.0,141.0,Alluvial,52.5,Coconut,Zaid,Red Palm Weevil,Low
2014,Hassan,234.0,142.0,Alluvial,56.0,Coconut,Zaid,Red Palm Weevil,Low
2015,Hassan,234.0,143.0,Alluvial,57.0,Coconut,Zaid,Red Palm Weevil,Low
2016,Hassan,3105.0,144.0,Alluvial,57.5,Coconut,Zaid,Red Palm Weevil,High
2017,Hassan,3105.0,27.0,Alluvial,57.0,Coconut,Zaid,Red Palm Weevil,High
2018,Hassan,3105.0,27.0,Alluvial,55.0,Coconut,Zaid,Red Palm Weevil,High
2004,Hassan,236.0,27.0,Alluvial,56.0,Coconut,Zaid,Red Palm Weevil,Low
2005,Hassan,2903.1,27.0,Alluvial,54.0,Coconut,Zaid,Red Palm Weevil,Medium
2006,Hassan,2903.1,27.0,Alluvial,58.0,Coconut,Zaid,Red Palm Weevil,Medium
2007,Hassan,2903.1,27.0,Alluvial,58.0,Coconut,Zaid,Red Palm Weevil,Medium
2008,Hassan,2996.6,27.2,Alluvial,59.0,Coconut,Zaid,Red Palm Weevil,Medium
2009,Hassan,2996.6,27.2,Alluvial,50.0,Ginger,Zaid,Shoot Borer,Medium
2010,Hassan,2996.6,27.2,Alluvial,54.0,Ginger,Zaid,Shoot Borer,Medium
2011,Hassan,3522.8,27.0,Alluvial,53.0,Ginger,Zaid,Shoot Borer,High
2012,Hassan,3522.8,27.0,Sandy loam,59.5,Ginger,Zaid,Shoot Borer,High
2013,Hassan,3522.8,27.0,Sandy loam,55.0,Ginger,Zaid,Shoot Borer,High
2014,Hassan,3729.8,27.0,Sandy loam,53.0,Ginger,Zaid,Shoot Borer,High
2015,Hassan,3729.8,27.0,Sandy loam,53.5,Ginger,Zaid,Shoot Borer,High
2016,Hassan,3729.8,27.0,Sandy loam,52.5,Ginger,Zaid,Shoot Borer,High
2017,Hassan,2746.2,27.2,Sandy loam,56.0,Ginger,Zaid,Shoot Borer,Medium
2018,Hassan,2746.2,27.2,Sandy loam,57.0,Ginger,Zaid,Shoot Borer,Medium
2004,Hassan,2746.2,27.2,Sandy loam,57.5,Ginger,Zaid,Shoot Borer,Medium
2005,Hassan,3360.0,27.1,Sandy loam,57.0,Ginger,Zaid,Shoot Borer,High
2006,Hassan,3360.0,27.1,Sandy loam,55.0,Ginger,Zaid,Shoot Borer,High
2007,Hassan,3360.0,27.1,Sandy loam,56.0,Ginger,Zaid,Shoot Borer,High
2008,Hassan,3605.4,26.8,Sandy loam,54.0,Ginger,Zaid,Shoot Borer,High
2009,Hassan,3605.4,26.8,Sandy loam,57.0,Coconut,Zaid,Red Palm Weevil,High
2010,Hassan,3605.4,26.8,Sandy loam,57.5,Coconut,Zaid,Red Palm Weevil,High
2011,Hassan,3512.4,37.0,Sandy loam,57.0,Coconut,Zaid,Red Palm Weevil,High
2012,Hassan,3512.4,37.0,Sandy loam,55.0,Coconut,Zaid,Red Palm Weevil,High
2013,Hassan,3512.4,37.0,Sandy loam,56.0,Coconut,Zaid,Red Palm Weevil,High
2014,Hassan,3296.0,38.0,Sandy loam,54.0,Coconut,Zaid,Red Palm Weevil,High
2015,Hassan,3296.0,38.0,Sandy loam,58.0,Coconut,Zaid,Red Palm Weevil,High
2016,Hassan,3296.0,38.0,Sandy loam,58.0,Coconut,Zaid,Red Palm Weevil,High
2017,Hassan,3550.0,39.0,Sandy loam,59.0,Coconut,Zaid,Red Palm Weevil,High
2018,Hassan,3550.0,39.0,Sandy loam,50.0,Coconut,Zaid,Red Palm Weevil,High
2004,Hassan,3550.0,39.0,Sandy loam,54.0,Coconut,Zaid,Red Palm Weevil,High
2005,Hassan,3654.0,40.0,Sandy loam,53.0,Coconut,Zaid,Red Palm Weevil,High
2006,Hassan,3654.0,40.0,Sandy loam,52.0,Coconut,Zaid,Red Palm Weevil,High
2007,Hassan,3654.0,40.0,Sandy loam,51.0,Coconut,Zaid,Red Palm Weevil,High
2008,Hassan,233.0,41.0,Sandy loam,57.0,Coconut,Zaid,Red Palm Weevil,Low
2009,Hassan,233.0,41.0,Sandy loam,57.0,Coconut,Zaid,Red Palm Weevil,Low
2010,Hassan,233.0,41.0,Sandy loam,60.0,Coconut,Zaid,Red Palm Weevil,Low
2011,Hassan,234.0,42.0,Sandy loam,57.0,Coconut,Zaid,Red Palm Weevil,Low
2012,Hassan,234.0,42.0,Sandy loam,57.0,Coconut,Zaid,Red Palm Weevil,Low
2013,Hassan,234.0,42.0,Sandy loam,54.0,Coconut,Zaid,Red Palm Weevil,Low
2014,Hassan,3105.0,43.0,Sandy loam,54.5,Coconut,Zaid,Red Palm Weevil,High
2015,Hassan,3105.0,43.0,Sandy loam,56.6,Coconut,Zaid,Red Palm Weevil,High
2016,Hassan,3105.0,27.0,Sandy loam,55.5,Coconut,Zaid,Red Palm Weevil,High
2017,Hassan,236.0,27.0,Sandy loam,58.5,Coconut,Zaid,Red Palm Weevil,Low
2018,Hassan,236.0,27.0,Sandy loam,59.5,Coconut,Zaid,Red Palm Weevil,Low
2004,Hassan,321.0,27.0,Sandy loam,55.0,Coconut,Zaid,Red Palm Weevil,Low
2005,Hassan,3654.0,27.0,Sandy loam,53.0,Coconut,Zaid,Red Palm Weevil,High
2006,Hassan,323.0,27.0,Sandy loam,53.5,Coconut,Zaid,Red Palm Weevil,Low
2007,Hassan,324.0,27.2,Sandy loam,52.5,Coconut,Zaid,Red Palm Weevil,Low
2008,Hassan,3105.0,27.2,Sandy loam,56.0,Coconut,Zaid,Red Palm Weevil,High
2009,Hassan,326.0,27.2,Sandy loam,57.0,Coconut,Zaid,Red Palm Weevil,Low
2010,Hassan,327.0,27.0,Sandy loam,57.5,Coconut,Zaid,Red Palm Weevil,Low
2011,Hassan,328.0,27.0,Sandy loam,57.0,Coconut,Zaid,Red Palm Weevil,Low
2012,Hassan,2903.1,27.0,Sandy loam,55.0,Coconut,Zaid,Red Palm Weevil,Medium
2013,Hassan,2903.1,27.0,Sandy loam,56.0,Coconut,Zaid,Red Palm Weevil,Medium
2014,Hassan,2903.1,27.0,Sandy loam,54.0,Coconut,Zaid,Red Palm Weevil,Medium
2015,Hassan,2996.6,27.0,Sandy loam,58.0,Coconut,Zaid,Red Palm Weevil,Medium
2016,Hassan,2996.6,27.2,Sandy loam,58.0,Coconut,Zaid,Red Palm Weevil,Medium
2017,Hassan,2996.6,27.2,Sandy,59.0,Coconut,Zaid,Red Palm Weevil,Medium
2018,Hassan,3522.8,27.2,Sandy,50.0,Coconut,Zaid,Red Palm Weevil,High
2004,Hassan,3522.8,27.1,Sandy,54.0,Coconut,Zaid,Red Palm Weevil,High
2005,Hassan,3522.8,27.1,Sandy,53.0,Coconut,Zaid,Red Palm Weevil,High
2006,Hassan,3729.8,27.1,Sandy,52.0,Coconut,Zaid,Red Palm Weevil,High
2007,Hassan,3729.8,26.8,Sandy,51.0,Coconut,Zaid,Red Palm Weevil,High
2008,Hassan,3729.8,26.8,Sandy,57.0,Coconut,Zaid,Red Palm Weevil,High
2009,Hassan,2746.2,26.8,Sandy,57.0,Coconut,Zaid,Red Palm Weevil,Medium
2010,Hassan,2746.2,37.0,Sandy,60.0,Coconut,Zaid,Red Palm Weevil,Medium
2011,Hassan,2746.2,37.0,Sandy,57.0,Coconut,Zaid,Red Palm Weevil,Medium
2012,Hassan,3360.0,37.0,Sandy,57.0,Coconut,Zaid,Red Palm Weevil,High
2013,Hassan,3360.0,38.0,Sandy,54.0,Coconut,Zaid,Red Palm Weevil,High
2014,Hassan,3360.0,38.0,Sandy,54.5,Coconut,Zaid,Red Palm Weevil,High
2015,Hassan,3605.4,38.0,Sandy,56.6,Coconut,Zaid,Red Palm Weevil,High
2016,Hassan,3605.4,39.0,Sandy,55.5,Coconut,Zaid,Red Palm Weevil,High
2017,Hassan,3605.4,39.0,Sandy,58.5,Coconut,Zaid,Red Palm Weevil,High
2018,Hassan,3512.4,39.0,Sandy,59.5,Coconut,Zaid,Red Palm Weevil,High
2004,Hassan,3512.4,40.0,Sandy,55.0,Coconut,Zaid,Red Palm Weevil,High
2005,Hassan,3512.4,40.0,Sandy,53.0,Coconut,Zaid,Red Palm Weevil,High
2006,Mangalore,3296.0,27.0,Sandy,53.5,Coconut,Zaid,Red Palm Weevil,High
2007,Mangalore,3296.0,27.0,Sandy,52.5,Coconut,Zaid,Red Palm Weevil,High
2008,Mangalore,3296.0,27.0,Sandy,56.0,Coconut,Zaid,Red Palm Weevil,High
2009,Mangalore,3550.0,27.0,Sandy,57.0,Coconut,Zaid,Red Palm Weevil,High
2010,Mangalore,3550.0,27.0,Sandy,57.5,Coconut,Zaid,Red Palm Weevil,High
2011,Mangalore,3550.0,27.0,Sandy,57.0,Coconut,Zaid,Red Palm Weevil,High
2012,Mangalore,3654.0,27.2,Sandy,55.0,Coconut,Zaid,Red Palm Weevil,High
2013,Mangalore,3654.0,27.2,Sandy,56.0,Coconut,Zaid,Red Palm Weevil,High
2014,Mangalore,3654.0,27.2,Sandy,54.0,Coconut,Zaid,Red Palm Weevil,High
2015,Mangalore,233.0,27.0,Sandy,58.0,Coconut,Zaid,Red Palm Weevil,Low
2016,Mangalore,233.0,27.0,Sandy,58.0,Coconut,Zaid,Red Palm Weevil,Low
2017,Mangalore,233.0,27.0,Sandy,59.0,Coconut,Zaid,Red Palm Weevil,Low
2018,Mangalore,234.0,27.0,Sandy,50.0,Coconut,Zaid,Red Palm Weevil,Low
2019,Mangalore,234.0,27.0,Clay,54.0,Coconut,Zaid,Red Palm Weevil,Low
2004,Mangalore,234.0,27.0,Clay,53.0,Coconut,Zaid,Red Palm Weevil,Low
2005,Mangalore,3105.0,27.2,Clay,52.0,Coconut,Zaid,Red Palm Weevil,High
2006,Mangalore,3105.0,27.2,Clay,51.0,Coconut,Zaid,Red Palm Weevil,High
2007,Mangalore,3105.0,27.2,Clay,57.0,Coconut,Zaid,Red Palm Weevil,High
2008,Mangalore,236.0,27.1,Clay,57.0,Coconut,Zaid,Red Palm Weevil,Low
2009,Mangalore,236.0,27.1,Clay,60.0,Coconut,Zaid,Red Palm Weevil,Low
2010,Mangalore,2903.1,27.1,Clay,57.0,Coconut,Zaid,Red Palm Weevil,Medium
2011,Mangalore,2903.1,26.8,Clay,57.0,Coconut,Zaid,Red Palm Weevil,Medium
2012,Mangalore,2903.1,26.8,Clay,54.0,Coconut,Zaid,Red Palm Weevil,Medium
2013,Mangalore,2996.6,26.8,Clay,54.5,Coconut,Zaid,Red Palm Weevil,Medium
2014,Mangalore,2996.6,37.0,Clay,56.6,Coconut,Zaid,Red Palm Weevil,Medium
2015,Mangalore,2996.6,37.0,Clay,55.5,Coconut,Zaid,Red Palm Weevil,Medium
2016,Mangalore,3522.8,37.0,Clay,58.5,Coconut,Zaid,Red Palm Weevil,High
2017,Mangalore,3522.8,38.0,Clay,59.5,Coconut,Zaid,Red Palm Weevil,High
2018,Mangalore,3522.8,38.0,Clay,55.0,Coconut,Zaid,Red Palm Weevil,High
2012,Mangalore,2903.1,38.0,Clay,53.0,Coconut,Zaid,Red Palm Weevil,Medium
2013,Mangalore,2903.1,39.0,Clay,53.5,Coconut,Zaid,Red Palm Weevil,Medium
2014,Mangalore,2903.1,39.0,Clay,52.5,Coconut,Zaid,Red Palm Weevil,Medium
2015,Mangalore,2996.6,39.0,Clay,56.0,Coconut,Zaid,Red Palm Weevil,Medium
2016,Mangalore,2996.6,40.0,Clay,57.0,Coconut,Zaid,Red Palm Weevil,Medium
2017,Mangalore,2996.6,40.0,Clay,57.5,Coconut,Zaid,Red Palm Weevil,Medium
2018,Mangalore,3522.8,40.0,Clay,57.0,Coconut,Zaid,Red Palm Weevil,High
2019,Mangalore,3522.8,41.0,Clay,55.0,Coconut,Zaid,Red Palm Weevil,High
2004,Mangalore,3522.8,41.0,Clay,56.0,Coconut,Zaid,Red Palm Weevil,High
2005,Mangalore,3729.8,41.0,Clay,54.0,Coconut,Zaid,Red Palm Weevil,High
2006,Mangalore,3729.8,42.0,Clay,58.0,Coconut,Zaid,Red Palm Weevil,High
2007,Mangalore,3729.8,42.0,Clay,58.0,Coconut,Zaid,Red Palm Weevil,High
2008,Mangalore,2746.2,42.0,Clay,59.0,Coconut,Zaid,Red Palm Weevil,Medium
2009,Mangalore,2746.2,43.0,Clay,50.0,Coconut,Zaid,Red Palm Weevil,Medium
2010,Mangalore,2746.2,43.0,Loam,54.0,Coconut,Zaid,Red Palm Weevil,Medium
2011,Mangalore,3360.0,27.0,Loam,53.0,Coconut,Zaid,Red Palm Weevil,High
2012,Mangalore,3360.0,27.0,Loam,52.0,Coconut,Zaid,Red Palm Weevil,High
2013,Mangalore,3360.0,27.0,Loam,51.0,Coconut,Zaid,Red Palm Weevil,High
2014,Mangalore,3605.4,27.0,Loam,57.0,Coconut,Zaid,Red Palm Weevil,High
2015,Mangalore,3605.4,27.0,Loam,57.0,Coconut,Zaid,Red Palm Weevil,High
2016,Mangalore,3605.4,27.0,Loam,60.0,Coconut,Zaid,Red Palm Weevil,High
2017,Mangalore,3512.4,27.2,Loam,57.0,Coconut,Zaid,Red Palm Weevil,High
2018,Mangalore,3512.4,27.2,Loam,57.0,Coconut,Zaid,Red Palm Weevil,High
2011,Mangalore,3512.4,27.2,Loam,54.0,Coconut,Zaid,Red Palm Weevil,High
2012,Mangalore,3296.0,27.0,Loam,54.5,Coconut,Zaid,Red Palm Weevil,High
2013,Mangalore,3296.0,27.0,Loam,56.6,Coconut,Zaid,Red Palm Weevil,High
2014,Mangalore,3296.0,27.0,Loam,55.5,Coconut,Zaid,Red Palm Weevil,High
2015,Mangalore,3550.0,27.0,Loam,58.5,Coconut,Zaid,Red Palm Weevil,High
2016,Mangalore,3550.0,27.0,Loam,59.5,Coconut,Zaid,Red Palm Weevil,High
2017,Mangalore,3550.0,27.0,Loam,55.0,Coconut,Zaid,Red Palm Weevil,High
2018,Mangalore,3654.0,27.2,Loam,53.0,Coconut,Zaid,Red Palm Weevil,High
2004,Mangalore,3654.0,27.2,Loam,53.5,Coconut,Zaid,Red Palm Weevil,High
2005,Mangalore,3654.0,27.2,Loam,52.5,Coconut,Zaid,Red Palm Weevil,High
2006,Mangalore,233.0,27.1,Loam,56.0,Coconut,Zaid,Red Palm Weevil,Low
2007,Mangalore,233.0,27.1,Loam,57.0,Coconut,Zaid,Red Palm Weevil,Low
2008,Mangalore,233.0,27.1,Loam,57.5,Coconut,Zaid,Red Palm Weevil,Low
2009,Mangalore,234.0,26.8,Loam,57.0,Coconut,Zaid,Red Palm Weevil,Low
2010,Mangalore,234.0,26.8,Loam,55.0,Coconut,Zaid,Red Palm Weevil,Low
2011,Mangalore,234.0,26.8,Loam,56.0,Coconut,Zaid,Red Palm Weevil,Low
2012,Mangalore,3105.0,37.0,Loam,54.0,Coconut,Zaid,Red Palm Weevil,High
2013,Mangalore,3105.0,37.0,Loam,58.0,Coconut,Zaid,Red Palm Weevil,High
2014,Mangalore,3105.0,37.0,Loam,58.0,Coconut,Zaid,Red Palm Weevil,High
2015,Mangalore,236.0,38.0,Loam,59.0,Coconut,Zaid,Red Palm Weevil,Low
2016,Mangalore,236.0,38.0,Loam,50.0,Coconut,Zaid,Red Palm Weevil,Low
2017,Mangalore,2903.1,38.0,Loam,54.0,Coconut,Zaid,Red Palm Weevil,Medium
2018,Mangalore,2903.1,39.0,Loam,53.0,Cocoa,Zaid,Cocoa Pod Borer,Medium
2004,Mangalore,2903.1,39.0,Loam,52.0,Cocoa,Zaid,Cocoa Pod Borer,Medium
2005,Mangalore,2996.6,39.0,Loam,51.0,Cocoa,Zaid,Cocoa Pod Borer,Medium
2012,Mangalore,2996.6,40.0,Loam,57.0,Cocoa,Zaid,Cocoa Pod Borer,Medium
2013,Mangalore,2996.6,40.0,Loam,57.0,Cocoa,Zaid,Cocoa Pod Borer,Medium
2014,Mangalore,3522.8,40.0,Loam,60.0,Cocoa,Zaid,Cocoa Pod Borer,High
2015,Mangalore,3522.8,41.0,Loam,57.0,Coffee,Zaid,Coffee Berry Borer,High
2016,Mangalore,3522.8,41.0,Sandy loam,57.0,Coffee,Zaid,Coffee Berry Borer,High
2017,Mangalore,2903.1,41.0,Sandy loam,54.0,Coffee,Zaid,Coffee Berry Borer,Medium
2018,Kodagu,2903.1,42.0,Sandy loam,54.5,Coffee,Zaid,Coffee Berry Borer,Medium
2004,Kodagu,2903.1,42.0,Sandy loam,56.6,Coffee,Zaid,Coffee Berry Borer,Medium
2005,Kodagu,2996.6,42.0,Sandy loam,55.5,Coffee,Zaid,Coffee Berry Borer,Medium
2006,Kodagu,2996.6,43.0,Sandy loam,58.5,Coffee,Zaid,Coffee Berry Borer,Medium
2007,Kodagu,2996.6,27.0,Sandy loam,59.5,Coffee,Zaid,Coffee Berry Borer,Medium
2008,Kodagu,3522.8,27.0,Sandy loam,55.0,Coffee,Zaid,Coffee Berry Borer,High
2009,Kodagu,3522.8,27.0,Sandy loam,53.0,Coffee,Zaid,Coffee Berry Borer,High
2010,Kodagu,3522.8,27.0,Sandy loam,53.5,Coffee,Zaid,Coffee Berry Borer,High
2011,Kodagu,3729.8,27.0,Sandy loam,52.5,Coffee,Zaid,Coffee Berry Borer,High
2012,Kodagu,3729.8,27.0,Sandy loam,56.0,Coffee,Zaid,Coffee Berry Borer,High
2013,Kodagu,3729.8,27.2,Sandy loam,57.0,Coffee,Zaid,Coffee Berry Borer,High
2014,Kodagu,2746.2,27.2,Sandy loam,57.5,Coffee,Zaid,Coffee Berry Borer,Medium
2015,Kodagu,2746.2,27.2,Sandy loam,57.0,Cardamum,Zaid,Thrips,Medium
2016,Kodagu,2746.2,27.0,Sandy loam,55.0,Cardamum,Zaid,Thrips,Medium
2017,Kodagu,3360.0,27.0,Sandy loam,56.0,Cardamum,Zaid,Thrips,High
2018,Kodagu,3360.0,27.0,Sandy loam,54.0,Cardamum,Zaid,Thrips,High
2019,Kodagu,3360.0,27.0,Sandy loam,58.0,Cardamum,Zaid,Thrips,High
2004,Kodagu,3605.4,27.0,Sandy loam,58.0,Cardamum,Zaid,Thrips,High
2013,Kodagu,3605.4,27.0,Sandy loam,59.0,Cardamum,Zaid,Thrips,High
2014,Kodagu,3605.4,27.2,Sandy loam,50.0,Cardamum,Zaid,Thrips,High
2015,Mysuru,3512.4,27.2,Sandy loam,54.0,Cardamum,Zaid,Thrips,High
2016,Mysuru,3512.4,27.2,Sandy loam,53.0,Cardamum,Zaid,Thrips,High
2017,Mysuru,3512.4,27.1,Sandy loam,52.0,Cardamum,Zaid,Thrips,High
2018,Mysuru,3296.0,27.1,Sandy loam,51.0,Cardamum,Zaid,Thrips,High
2004,Mysuru,3296.0,27.1,Sandy loam,57.0,Cardamum,Zaid,Thrips,High
2005,Mysuru,3296.0,26.8,Sandy loam,57.0,Cardamum,Zaid,Thrips,High
2006,Mysuru,3550.0,26.8,Sandy loam,60.0,Cardamum,Zaid,Thrips,High
2007,Mysuru,3550.0,26.8,Sandy loam,57.0,Pepper,Zaid,Pollu Beetle,High
2008,Mysuru,3550.0,37.0,Sandy loam,57.0,Pepper,Zaid,Pollu Beetle,High
2009,Mysuru,3654.0,37.0,Alluvial,54.0,Pepper,Zaid,Pollu Beetle,High
2010,Mysuru,3654.0,37.0,Alluvial,54.5,Pepper,Zaid,Pollu Beetle,High
2011,Mysuru,3654.0,38.0,Alluvial,56.6,Pepper,Zaid,Pollu Beetle,High
2012,Mysuru,233.0,38.0,Alluvial,55.5,Pepper,Zaid,Pollu Beetle,Low
2013,Mysuru,233.0,38.0,Alluvial,58.5,Pepper,Zaid,Pollu Beetle,Low
2014,Mysuru,233.0,39.0,Alluvial,59.5,Pepper,Zaid,Pollu Beetle,Low
2015,Mysuru,234.0,39.0,Alluvial,55.0,Pepper,Zaid,Pollu Beetle,Low
2016,Mysuru,234.0,39.0,Alluvial,53.0,Pepper,Zaid,Pollu Beetle,Low
2017,Mysuru,234.0,40.0,Alluvial,53.5,Pepper,Zaid,Pollu Beetle,Low
2018,Mysuru,3105.0,40.0,Alluvial,52.5,Pepper,Zaid,Pollu Beetle,High
2013,Kasaragodu,3105.0,40.0,Alluvial,56.0,Pepper,Zaid,Pollu Beetle,High
2014,Kasaragodu,3105.0,41.0,Alluvial,57.0,Pepper,Zaid,Pollu Beetle,High
2015,Kasaragodu,236.0,41.0,Alluvial,57.5,Pepper,Zaid,Pollu Beetle,Low
2016,Kasaragodu,236.0,41.0,Alluvial,57.0,Arecanut,Zaid,Spindle Bug,Low
2017,Kasaragodu,2903.1,42.0,Alluvial,55.0,Arecanut,Zaid,Spindle Bug,Medium
2018,Kasaragodu,2903.1,42.0,Alluvial,56.0,Arecanut,Zaid,Spindle Bug,Medium
2004,Kasaragodu,2903.1,42.0,Alluvial,54.0,Arecanut,Zaid,Spindle Bug,Medium
2005,Kasaragodu,2996.6,43.0,Alluvial,58.0,Arecanut,Zaid,Spindle Bug,Medium
2006,Kasaragodu,2996.6,43.0,Alluvial,58.0,Arecanut,Zaid,Spindle Bug,Medium
2007,Kasaragodu,2996.6,128.0,Alluvial,59.0,Arecanut,Zaid,Spindle Bug,Medium
2008,Kasaragodu,3522.8,129.0,Alluvial,50.0,Arecanut,Zaid,Spindle Bug,High
2009,Kasaragodu,3522.8,130.0,Alluvial,54.0,Arecanut,Zaid,Spindle Bug,High
2010,Kasaragodu,3522.8,131.0,Alluvial,53.0,Arecanut,Zaid,Spindle Bug,High
2011,Kasaragodu,2903.1,132.0,Alluvial,52.0,Arecanut,Zaid,Spindle Bug,Medium
2012,Kasaragodu,2903.1,133.0,Alluvial,51.0,Arecanut,Zaid,Spindle Bug,Medium
2013,Kasaragodu,2903.1,134.0,Alluvial,57.0,Arecanut,Zaid,Spindle Bug,Medium
2014,Kasaragodu,2996.6,135.0,Alluvial,57.0,Arecanut,Zaid,Spindle Bug,Medium
2015,Kasaragodu,2996.6,136.0,Alluvial,60.0,Arecanut,Zaid,Spindle Bug,Medium
2016,Kasaragodu,2996.6,137.0,Alluvial,57.0,Ginger,Zaid,Shoot Borer,Medium
2017,Kasaragodu,3522.8,138.0,Alluvial,57.0,Ginger,Zaid,Shoot Borer,High
2018,Kasaragodu,3522.8,139.0,Black,54.0,Ginger,Zaid,Shoot Borer,High
2015,Kasaragodu,3522.8,140.0,Black,54.5,Ginger,Zaid,Shoot Borer,High
2016,Kasaragodu,3729.8,141.0,Black,56.6,Ginger,Zaid,Shoot Borer,High
2017,Kasaragodu,3729.8,142.0,Black,55.5,Ginger,Zaid,Shoot Borer,High
2018,Kasaragodu,3729.8,143.0,Black,58.5,Ginger,Zaid,Shoot Borer,High
2013,Kasaragodu,2746.2,144.0,Black,59.5,Ginger,Zaid,Shoot Borer,Medium
2014,Kasaragodu,2746.2,145.0,Black,55.0,Ginger,Zaid,Shoot Borer,Medium
2015,Kasaragodu,2746.2,146.0,Black,53.0,Ginger,Zaid,Shoot Borer,Medium
2016,Kasaragodu,3360.0,147.0,Black,53.5,Ginger,Zaid,Shoot Borer,High
2017,Kasaragodu,3360.0,148.0,Black,52.5,Ginger,Zaid,Shoot Borer,High
2018,Kasaragodu,3360.0,149.0,Black,56.0,Ginger,Zaid,Shoot Borer,High
2004,Kasaragodu,3605.4,150.0,Black,57.0,Ginger,Zaid,Shoot Borer,High
2005,Raichur,3605.4,151.0,Black,57.5,Ginger,Zaid,Shoot Borer,High
2006,Raichur,2903.1,152.0,Black,57.0,Tea,Zaid,Tea Mosquito Bug,Medium
2007,Raichur,2903.1,153.0,Black,55.0,Tea,Zaid,Tea Mosquito Bug,Medium
2008,Raichur,2903.1,154.0,Black,56.0,Tea,Zaid,Tea Mosquito Bug,Medium
2009,Raichur,2996.6,155.0,Black,54.0,Tea,Zaid,Tea Mosquito Bug,Medium
2010,Raichur,2996.6,156.0,Black,58.0,Tea,Zaid,Tea Mosquito Bug,Medium
2011,Raichur,2996.6,157.0,Black,58.0,Tea,Zaid,Tea Mosquito Bug,Medium
2012,Raichur,3522.8,158.0,Black,59.0,Tea,Zaid,Tea Mosquito Bug,High
2013,Raichur,3522.8,159.0,Black,50.0,Tea,Zaid,Tea Mosquito Bug,High
2014,Raichur,3522.8,160.0,Black,54.0,Tea,Zaid,Tea Mosquito Bug,High
2015,Raichur,3729.8,161.0,Black,53.0,Tea,Zaid,Tea Mosquito Bug,High
2016,Raichur,2903.1,162.0,Black,52.0,Tea,Zaid,Tea Mosquito Bug,Medium
2017,Raichur,2903.1,163.0,Black,51.0,Tea,Zaid,Tea Mosquito Bug,Medium
2016,Raichur,2903.1,164.0,Black,57.0,Tea,Zaid,Tea Mosquito Bug,Medium
2017,Raichur,2996.6,165.0,Black,57.0,Tea,Zaid,Tea Mosquito Bug,Medium
2018,Raichur,2996.6,166.0,Black,60.0,Tea,Zaid,Tea Mosquito Bug,Medium
2013,Raichur,2996.6,167.0,Black,57.0,Paddy,Zaid,Stem Borer,Medium
2014,Raichur,3522.8,168.0,Black,57.0,Paddy,Zaid,Stem Borer,High
2015,Raichur,3522.8,169.0,Black,54.0,Paddy,Zaid,Stem Borer,High
2016,Raichur,3522.8,170.0,Black,54.5,Paddy,Zaid,Stem Borer,High
2017,Raichur,3729.8,171.0,Black,56.6,Paddy,Zaid,Stem Borer,High
2018,Raichur,3729.8,172.0,Black,55.5,Paddy,Zaid,Stem Borer,High
2004,Raichur,3729.8,173.0,Black,58.5,Paddy,Zaid,Stem Borer,High
2005,Raichur,2746.2,174.0,Black,59.5,Paddy,Zaid,Stem Borer,Medium
2006,Raichur,2746.2,175.0,Black,55.0,Paddy,Zaid,Stem Borer,Medium
2007,Raichur,2746.2,176.0,Black,53.0,Paddy,Zaid,Stem Borer,Medium
2008,Raichur,3360.0,177.0,Black,53.5,Paddy,Zaid,Stem Borer,High
2009,Bangalore,3360.0,178.0,,52.5,Paddy,Zaid,Stem Borer,High
2010,Bangalore,3360.0,179.0,,56.0,Paddy,Zaid,Stem Borer,High
2011,Bangalore,3605.4,180.0,,57.0,Paddy,Zaid,Stem Borer,High
2012,Bangalore,3605.4,181.0,,57.5,Paddy,Zaid,Stem Borer,High
2013,Bangalore,3605.4,182.0,,57.0,Groundnut,Zaid,Leaf Miner,High
2014,Bangalore,3512.4,183.0,,55.0,Groundnut,Zaid,Leaf Miner,High
2015,Bangalore,3512.4,184.0,,56.0,Groundnut,Zaid,Leaf Miner,High
2016,Bangalore,3512.4,185.0,,54.0,Groundnut,Zaid,Leaf Miner,High
2017,Bangalore,3296.0,186.0,,58.0,Groundnut,Zaid,Leaf Miner,High
2016,Bangalore,3296.0,187.0,,58.0,Groundnut,Zaid,Leaf Miner,High
2017,Bangalore,3296.0,188.0,,59.0,Groundnut,Zaid,Leaf Miner,High
2016,Bangalore,3550.0,189.0,,50.0,Groundnut,Zaid,Leaf Miner,High
2017,Bangalore,3550.0,190.0,,54.0,Groundnut,Zaid,Leaf Miner,High
2018,Bangalore,3550.0,191.0,,53.0,Groundnut,Zaid,Leaf Miner,High
2013,Bangalore,3654.0,192.0,,52.0,Groundnut,Zaid,Leaf Miner,High
2014,Bangalore,3654.0,193.0,,51.0,Groundnut,Zaid,Leaf Miner,High
2015,Davangere,3654.0,194.0,,57.0,Groundnut,Zaid,Leaf Miner,High
2016,Davangere,233.0,195.0,,57.0,Groundnut,Zaid,Leaf Miner,Low
2017,Davangere,233.0,196.0,,60.0,Groundnut,Zaid,Leaf Miner,Low
2018,Davangere,233.0,197.0,,57.0,Blackgram,Zaid,Pod Borer,Low
2004,Davangere,234.0,198.0,,57.0,Blackgram,Zaid,Pod Borer,Low
2005,Davangere,234.0,199.0,,54.0,Blackgram,Zaid,Pod Borer,Low
2006,Davangere,234.0,200.0,,54.5,Blackgram,Zaid,Pod Borer,Low
2007,Davangere,3105.0,201.0,,56.6,Blackgram,Zaid,Pod Borer,High
2008,Davangere,3105.0,202.0,,55.5,Blackgram,Zaid,Pod Borer,High
2009,Davangere,3105.0,203.0,,58.5,Blackgram,Zaid,Pod Borer,High
2010,Davangere,236.0,204.0,,59.5,Blackgram,Zaid,Pod Borer,Low
2011,Davangere,236.0,205.0,,55.0,Blackgram,Zaid,Pod Borer,Low
2012,Davangere,2903.1,206.0,,53.0,Blackgram,Zaid,Pod Borer,Medium
2013,Davangere,2903.1,207.0,,53.5,Blackgram,Zaid,Pod Borer,Medium
2014,Davangere,2903.1,208.0,,52.5,Blackgram,Zaid,Pod Borer,Medium
2015,Davangere,2996.6,209.0,,56.0,Blackgram,Zaid,Pod Borer,Medium
2016,Davangere,2996.6,210.0,,59.5,Blackgram,Zaid,Pod Borer,Medium
2017,Davangere,2996.6,211.0,,55.0,Blackgram,Zaid,Pod Borer,Medium
2017,Davangere,3522.8,212.0,,53.0,Cashew,Zaid,Tea Mosquito Bug,High
2016,Davangere,3522.8,213.0,,53.5,Cashew,Zaid,Tea Mosquito Bug,High
2017,Davangere,3522.8,214.0,,52.5,Cashew,Zaid,Tea Mosquito Bug,High
2018,Davangere,3729.8,215.0,,56.0,Cashew,Zaid,Tea Mosquito Bug,High
2013,Davangere,3729.8,216.0,,57.0,Cashew,Zaid,Tea Mosquito Bug,High
2014,Davangere,3729.8,217.0,,57.5,Cashew,Zaid,Tea Mosquito Bug,High
2015,Davangere,2746.2,218.0,,57.0,Cashew,Zaid,Tea Mosquito Bug,Medium
2016,Davangere,2746.2,219.0,,55.0,Cashew,Zaid,Tea Mosquito Bug,Medium
2017,Davangere,2746.2,220.0,,56.0,Cashew,Zaid,Tea Mosquito Bug,Medium
2018,Davangere,3360.0,221.0,,54.0,Cashew,Zaid,Tea Mosquito Bug,High
2004,Davangere,3360.0,222.0,,58.0,Cashew,Zaid,Tea Mosquito Bug,High
2005,Davangere,3360.0,27.0,,58.0,Cashew,Zaid,Tea Mosquito Bug,High
2006,Davangere,3605.4,27.0,,59.0,Cashew,Zaid,Tea Mosquito Bug,High
2007,Davangere,3605.4,27.0,,50.0,Cashew,Zaid,Tea Mosquito Bug,High
2008,Davangere,3605.4,27.0,,54.0,Cashew,Zaid,Tea Mosquito Bug,High
2009,Davangere,3512.4,27.0,,53.0,Coconut,Zaid,Red Palm Weevil,High
2010,Davangere,3512.4,27.2,,59.5,Coconut,Rabi,Red Palm Weevil,High
2011,Davangere,3512.4,27.2,,55.0,Coconut,Rabi,Red Palm Weevil,High
2012,Davangere,3296.0,27.2,,53.0,Coconut,Rabi,Red Palm Weevil,High
2013,Davangere,3296.0,27.0,,53.5,Coconut,Rabi,Red Palm Weevil,High
2014,Davangere,3296.0,27.0,,52.5,Coconut,Rabi,Red Palm Weevil,High
2015,Davangere,3550.0,27.0,,56.0,Coconut,Rabi,Red Palm Weevil,High
2016,Davangere,3550.0,27.0,,57.0,Coconut,Rabi,Red Palm Weevil,High
2017,Davangere,3550.0,27.0,,57.5,Coconut,Rabi,Red Palm Weevil,High
